"FRAME","SYSTEM","HBONDS"
1,"HBONDS",0
2,"HBONDS",0
3,"HBONDS",0
4,"HBONDS",0
5,"HBONDS",0
6,"HBONDS",0
7,"HBONDS",0
8,"HBONDS",0
9,"HBONDS",0
10,"HBONDS",0
11,"HBONDS",1
12,"HBONDS",0
13,"HBONDS",0
14,"HBONDS",0
15,"HBONDS",0
16,"HBONDS",0
17,"HBONDS",0
18,"HBONDS",0
19,"HBONDS",0
20,"HBONDS",0
21,"HBONDS",0
22,"HBONDS",0
23,"HBONDS",0
24,"HBONDS",0
25,"HBONDS",0
26,"HBONDS",0
27,"HBONDS",1
28,"HBONDS",0
29,"HBONDS",0
30,"HBONDS",0
31,"HBONDS",0
32,"HBONDS",0
33,"HBONDS",0
34,"HBONDS",0
35,"HBONDS",0
36,"HBONDS",0
37,"HBONDS",0
38,"HBONDS",0
39,"HBONDS",0
40,"HBONDS",0
41,"HBONDS",0
42,"HBONDS",0
43,"HBONDS",0
44,"HBONDS",1
45,"HBONDS",0
46,"HBONDS",0
47,"HBONDS",0
48,"HBONDS",0
49,"HBONDS",0
50,"HBONDS",0
51,"HBONDS",0
52,"HBONDS",0
53,"HBONDS",0
54,"HBONDS",1
55,"HBONDS",0
56,"HBONDS",0
57,"HBONDS",0
58,"HBONDS",0
59,"HBONDS",0
60,"HBONDS",0
61,"HBONDS",0
62,"HBONDS",0
63,"HBONDS",0
64,"HBONDS",0
65,"HBONDS",0
66,"HBONDS",0
67,"HBONDS",0
68,"HBONDS",0
69,"HBONDS",0
70,"HBONDS",0
71,"HBONDS",0
72,"HBONDS",0
73,"HBONDS",0
74,"HBONDS",1
75,"HBONDS",0
76,"HBONDS",0
77,"HBONDS",0
78,"HBONDS",0
79,"HBONDS",0
80,"HBONDS",0
81,"HBONDS",0
82,"HBONDS",0
83,"HBONDS",0
84,"HBONDS",0
85,"HBONDS",1
86,"HBONDS",1
87,"HBONDS",0
88,"HBONDS",0
89,"HBONDS",0
90,"HBONDS",0
91,"HBONDS",0
92,"HBONDS",0
93,"HBONDS",0
94,"HBONDS",0
95,"HBONDS",0
96,"HBONDS",0
97,"HBONDS",0
98,"HBONDS",0
99,"HBONDS",0
100,"HBONDS",0
101,"HBONDS",0
102,"HBONDS",0
103,"HBONDS",0
104,"HBONDS",0
105,"HBONDS",1
106,"HBONDS",0
107,"HBONDS",0
108,"HBONDS",0
109,"HBONDS",0
110,"HBONDS",0
111,"HBONDS",0
112,"HBONDS",0
113,"HBONDS",0
114,"HBONDS",0
115,"HBONDS",0
116,"HBONDS",0
117,"HBONDS",0
118,"HBONDS",0
119,"HBONDS",0
120,"HBONDS",1
121,"HBONDS",0
122,"HBONDS",0
123,"HBONDS",0
124,"HBONDS",0
125,"HBONDS",0
126,"HBONDS",0
127,"HBONDS",0
128,"HBONDS",0
129,"HBONDS",0
130,"HBONDS",1
131,"HBONDS",1
132,"HBONDS",0
133,"HBONDS",0
134,"HBONDS",0
135,"HBONDS",0
136,"HBONDS",0
137,"HBONDS",0
138,"HBONDS",0
139,"HBONDS",0
140,"HBONDS",0
141,"HBONDS",0
142,"HBONDS",0
143,"HBONDS",0
144,"HBONDS",0
145,"HBONDS",0
146,"HBONDS",0
147,"HBONDS",0
148,"HBONDS",0
149,"HBONDS",0
150,"HBONDS",0
151,"HBONDS",0
152,"HBONDS",0
153,"HBONDS",0
154,"HBONDS",0
155,"HBONDS",0
156,"HBONDS",0
157,"HBONDS",0
158,"HBONDS",0
159,"HBONDS",0
160,"HBONDS",0
161,"HBONDS",0
162,"HBONDS",0
163,"HBONDS",0
164,"HBONDS",0
165,"HBONDS",0
166,"HBONDS",0
167,"HBONDS",0
168,"HBONDS",0
169,"HBONDS",0
170,"HBONDS",0
171,"HBONDS",0
172,"HBONDS",0
173,"HBONDS",0
174,"HBONDS",0
175,"HBONDS",0
176,"HBONDS",0
177,"HBONDS",0
178,"HBONDS",0
179,"HBONDS",0
180,"HBONDS",0
181,"HBONDS",0
182,"HBONDS",0
183,"HBONDS",0
184,"HBONDS",0
185,"HBONDS",0
186,"HBONDS",0
187,"HBONDS",0
188,"HBONDS",0
189,"HBONDS",0
190,"HBONDS",1
191,"HBONDS",0
192,"HBONDS",0
193,"HBONDS",0
194,"HBONDS",0
195,"HBONDS",0
196,"HBONDS",0
197,"HBONDS",0
198,"HBONDS",0
199,"HBONDS",0
200,"HBONDS",0
201,"HBONDS",0
202,"HBONDS",0
203,"HBONDS",0
204,"HBONDS",0
205,"HBONDS",0
206,"HBONDS",1
207,"HBONDS",1
208,"HBONDS",1
209,"HBONDS",0
210,"HBONDS",0
211,"HBONDS",1
212,"HBONDS",1
213,"HBONDS",0
214,"HBONDS",0
215,"HBONDS",0
216,"HBONDS",1
217,"HBONDS",0
218,"HBONDS",0
219,"HBONDS",0
220,"HBONDS",0
221,"HBONDS",0
222,"HBONDS",0
223,"HBONDS",0
224,"HBONDS",0
225,"HBONDS",0
226,"HBONDS",0
227,"HBONDS",0
228,"HBONDS",0
229,"HBONDS",0
230,"HBONDS",0
231,"HBONDS",0
232,"HBONDS",0
233,"HBONDS",1
234,"HBONDS",1
235,"HBONDS",0
236,"HBONDS",0
237,"HBONDS",0
238,"HBONDS",1
239,"HBONDS",0
240,"HBONDS",0
241,"HBONDS",0
242,"HBONDS",0
243,"HBONDS",0
244,"HBONDS",0
245,"HBONDS",0
246,"HBONDS",0
247,"HBONDS",0
248,"HBONDS",0
249,"HBONDS",0
250,"HBONDS",0
251,"HBONDS",0
252,"HBONDS",0
253,"HBONDS",0
254,"HBONDS",0
255,"HBONDS",0
256,"HBONDS",0
257,"HBONDS",1
258,"HBONDS",1
259,"HBONDS",0
260,"HBONDS",1
261,"HBONDS",0
262,"HBONDS",0
263,"HBONDS",0
264,"HBONDS",0
265,"HBONDS",0
266,"HBONDS",1
267,"HBONDS",0
268,"HBONDS",0
269,"HBONDS",0
270,"HBONDS",0
271,"HBONDS",0
272,"HBONDS",0
273,"HBONDS",1
274,"HBONDS",0
275,"HBONDS",0
276,"HBONDS",0
277,"HBONDS",0
278,"HBONDS",0
279,"HBONDS",0
280,"HBONDS",0
281,"HBONDS",0
282,"HBONDS",0
283,"HBONDS",1
284,"HBONDS",0
285,"HBONDS",0
286,"HBONDS",1
287,"HBONDS",0
288,"HBONDS",0
289,"HBONDS",0
290,"HBONDS",0
291,"HBONDS",0
292,"HBONDS",0
293,"HBONDS",0
294,"HBONDS",0
295,"HBONDS",0
296,"HBONDS",1
297,"HBONDS",0
298,"HBONDS",0
299,"HBONDS",0
300,"HBONDS",0
301,"HBONDS",0
302,"HBONDS",0
303,"HBONDS",0
304,"HBONDS",0
305,"HBONDS",0
306,"HBONDS",0
307,"HBONDS",0
308,"HBONDS",0
309,"HBONDS",0
310,"HBONDS",0
311,"HBONDS",0
312,"HBONDS",0
313,"HBONDS",0
314,"HBONDS",1
315,"HBONDS",0
316,"HBONDS",0
317,"HBONDS",0
318,"HBONDS",0
319,"HBONDS",0
320,"HBONDS",0
321,"HBONDS",0
322,"HBONDS",0
323,"HBONDS",0
324,"HBONDS",0
325,"HBONDS",0
326,"HBONDS",0
327,"HBONDS",0
328,"HBONDS",0
329,"HBONDS",0
330,"HBONDS",1
331,"HBONDS",0
332,"HBONDS",0
333,"HBONDS",0
334,"HBONDS",0
335,"HBONDS",0
336,"HBONDS",0
337,"HBONDS",0
338,"HBONDS",0
339,"HBONDS",0
340,"HBONDS",0
341,"HBONDS",0
342,"HBONDS",0
343,"HBONDS",0
344,"HBONDS",0
345,"HBONDS",0
346,"HBONDS",0
347,"HBONDS",0
348,"HBONDS",0
349,"HBONDS",0
350,"HBONDS",0
351,"HBONDS",0
352,"HBONDS",0
353,"HBONDS",0
354,"HBONDS",1
355,"HBONDS",0
356,"HBONDS",0
357,"HBONDS",0
358,"HBONDS",0
359,"HBONDS",0
360,"HBONDS",0
361,"HBONDS",1
362,"HBONDS",0
363,"HBONDS",0
364,"HBONDS",0
365,"HBONDS",0
366,"HBONDS",1
367,"HBONDS",0
368,"HBONDS",0
369,"HBONDS",0
370,"HBONDS",0
371,"HBONDS",0
372,"HBONDS",1
373,"HBONDS",0
374,"HBONDS",0
375,"HBONDS",0
376,"HBONDS",0
377,"HBONDS",0
378,"HBONDS",0
379,"HBONDS",0
380,"HBONDS",0
381,"HBONDS",0
382,"HBONDS",0
383,"HBONDS",0
384,"HBONDS",0
385,"HBONDS",0
386,"HBONDS",0
387,"HBONDS",0
388,"HBONDS",0
389,"HBONDS",0
390,"HBONDS",0
391,"HBONDS",0
392,"HBONDS",0
393,"HBONDS",0
394,"HBONDS",0
395,"HBONDS",0
396,"HBONDS",0
397,"HBONDS",0
398,"HBONDS",0
399,"HBONDS",0
400,"HBONDS",0
401,"HBONDS",0
402,"HBONDS",0
403,"HBONDS",0
404,"HBONDS",0
405,"HBONDS",0
406,"HBONDS",0
407,"HBONDS",0
408,"HBONDS",0
409,"HBONDS",0
410,"HBONDS",0
411,"HBONDS",0
412,"HBONDS",0
413,"HBONDS",0
414,"HBONDS",0
415,"HBONDS",0
416,"HBONDS",0
417,"HBONDS",0
418,"HBONDS",0
419,"HBONDS",0
420,"HBONDS",0
421,"HBONDS",0
422,"HBONDS",0
423,"HBONDS",0
424,"HBONDS",0
425,"HBONDS",0
426,"HBONDS",0
427,"HBONDS",0
428,"HBONDS",0
429,"HBONDS",0
430,"HBONDS",0
431,"HBONDS",0
432,"HBONDS",0
433,"HBONDS",0
434,"HBONDS",0
435,"HBONDS",0
436,"HBONDS",0
437,"HBONDS",0
438,"HBONDS",0
439,"HBONDS",0
440,"HBONDS",0
441,"HBONDS",0
442,"HBONDS",0
443,"HBONDS",0
444,"HBONDS",0
445,"HBONDS",0
446,"HBONDS",0
447,"HBONDS",1
448,"HBONDS",0
449,"HBONDS",0
450,"HBONDS",0
451,"HBONDS",0
452,"HBONDS",0
453,"HBONDS",0
454,"HBONDS",0
455,"HBONDS",0
456,"HBONDS",0
457,"HBONDS",0
458,"HBONDS",0
459,"HBONDS",0
460,"HBONDS",0
461,"HBONDS",0
462,"HBONDS",0
463,"HBONDS",0
464,"HBONDS",0
465,"HBONDS",0
466,"HBONDS",0
467,"HBONDS",0
468,"HBONDS",0
469,"HBONDS",0
470,"HBONDS",0
471,"HBONDS",1
472,"HBONDS",0
473,"HBONDS",0
474,"HBONDS",0
475,"HBONDS",0
476,"HBONDS",0
477,"HBONDS",0
478,"HBONDS",0
479,"HBONDS",0
480,"HBONDS",0
481,"HBONDS",0
482,"HBONDS",0
483,"HBONDS",0
484,"HBONDS",0
485,"HBONDS",1
486,"HBONDS",0
487,"HBONDS",0
488,"HBONDS",0
489,"HBONDS",0
490,"HBONDS",0
491,"HBONDS",0
492,"HBONDS",0
493,"HBONDS",0
494,"HBONDS",0
495,"HBONDS",0
496,"HBONDS",0
497,"HBONDS",0
498,"HBONDS",0
499,"HBONDS",0
500,"HBONDS",0
501,"HBONDS",0
502,"HBONDS",0
503,"HBONDS",0
504,"HBONDS",0
505,"HBONDS",0
506,"HBONDS",0
507,"HBONDS",0
508,"HBONDS",0
509,"HBONDS",0
510,"HBONDS",0
511,"HBONDS",0
512,"HBONDS",0
513,"HBONDS",0
514,"HBONDS",0
515,"HBONDS",0
516,"HBONDS",0
517,"HBONDS",0
518,"HBONDS",0
519,"HBONDS",0
520,"HBONDS",0
521,"HBONDS",1
522,"HBONDS",0
523,"HBONDS",0
524,"HBONDS",0
525,"HBONDS",1
526,"HBONDS",0
527,"HBONDS",1
528,"HBONDS",0
529,"HBONDS",0
530,"HBONDS",0
531,"HBONDS",0
532,"HBONDS",0
533,"HBONDS",0
534,"HBONDS",0
535,"HBONDS",0
536,"HBONDS",1
537,"HBONDS",0
538,"HBONDS",1
539,"HBONDS",1
540,"HBONDS",0
541,"HBONDS",0
542,"HBONDS",1
543,"HBONDS",0
544,"HBONDS",0
545,"HBONDS",0
546,"HBONDS",0
547,"HBONDS",0
548,"HBONDS",1
549,"HBONDS",0
550,"HBONDS",0
551,"HBONDS",0
552,"HBONDS",1
553,"HBONDS",0
554,"HBONDS",0
555,"HBONDS",0
556,"HBONDS",0
557,"HBONDS",0
558,"HBONDS",0
559,"HBONDS",0
560,"HBONDS",0
561,"HBONDS",0
562,"HBONDS",0
563,"HBONDS",1
564,"HBONDS",0
565,"HBONDS",0
566,"HBONDS",0
567,"HBONDS",0
568,"HBONDS",0
569,"HBONDS",1
570,"HBONDS",0
571,"HBONDS",0
572,"HBONDS",0
573,"HBONDS",0
574,"HBONDS",0
575,"HBONDS",0
576,"HBONDS",0
577,"HBONDS",0
578,"HBONDS",0
579,"HBONDS",0
580,"HBONDS",0
581,"HBONDS",0
582,"HBONDS",0
583,"HBONDS",0
584,"HBONDS",0
585,"HBONDS",0
586,"HBONDS",0
587,"HBONDS",0
588,"HBONDS",0
589,"HBONDS",0
590,"HBONDS",0
591,"HBONDS",1
592,"HBONDS",0
593,"HBONDS",0
594,"HBONDS",0
595,"HBONDS",0
596,"HBONDS",0
597,"HBONDS",0
598,"HBONDS",0
599,"HBONDS",0
600,"HBONDS",0
601,"HBONDS",0
602,"HBONDS",0
603,"HBONDS",1
604,"HBONDS",0
605,"HBONDS",0
606,"HBONDS",0
607,"HBONDS",0
608,"HBONDS",0
609,"HBONDS",1
610,"HBONDS",0
611,"HBONDS",0
612,"HBONDS",1
613,"HBONDS",1
614,"HBONDS",1
615,"HBONDS",1
616,"HBONDS",2
617,"HBONDS",1
618,"HBONDS",0
619,"HBONDS",0
620,"HBONDS",0
621,"HBONDS",1
622,"HBONDS",0
623,"HBONDS",2
624,"HBONDS",0
625,"HBONDS",0
626,"HBONDS",0
627,"HBONDS",0
628,"HBONDS",1
629,"HBONDS",0
630,"HBONDS",2
631,"HBONDS",1
632,"HBONDS",1
633,"HBONDS",1
634,"HBONDS",0
635,"HBONDS",0
636,"HBONDS",0
637,"HBONDS",1
638,"HBONDS",0
639,"HBONDS",0
640,"HBONDS",0
641,"HBONDS",1
642,"HBONDS",1
643,"HBONDS",1
644,"HBONDS",0
645,"HBONDS",0
646,"HBONDS",0
647,"HBONDS",0
648,"HBONDS",2
649,"HBONDS",0
650,"HBONDS",0
651,"HBONDS",0
652,"HBONDS",1
653,"HBONDS",1
654,"HBONDS",0
655,"HBONDS",0
656,"HBONDS",0
657,"HBONDS",0
658,"HBONDS",1
659,"HBONDS",0
660,"HBONDS",0
661,"HBONDS",1
662,"HBONDS",0
663,"HBONDS",0
664,"HBONDS",0
665,"HBONDS",0
666,"HBONDS",0
667,"HBONDS",0
668,"HBONDS",2
669,"HBONDS",1
670,"HBONDS",2
671,"HBONDS",0
672,"HBONDS",0
673,"HBONDS",0
674,"HBONDS",0
675,"HBONDS",0
676,"HBONDS",0
677,"HBONDS",0
678,"HBONDS",0
679,"HBONDS",0
680,"HBONDS",1
681,"HBONDS",0
682,"HBONDS",0
683,"HBONDS",0
684,"HBONDS",1
685,"HBONDS",0
686,"HBONDS",0
687,"HBONDS",0
688,"HBONDS",0
689,"HBONDS",0
690,"HBONDS",0
691,"HBONDS",0
692,"HBONDS",0
693,"HBONDS",0
694,"HBONDS",1
695,"HBONDS",0
696,"HBONDS",0
697,"HBONDS",0
698,"HBONDS",0
699,"HBONDS",0
700,"HBONDS",0
701,"HBONDS",0
702,"HBONDS",0
703,"HBONDS",0
704,"HBONDS",0
705,"HBONDS",0
706,"HBONDS",0
707,"HBONDS",0
708,"HBONDS",1
709,"HBONDS",0
710,"HBONDS",0
711,"HBONDS",0
712,"HBONDS",0
713,"HBONDS",0
714,"HBONDS",0
715,"HBONDS",2
716,"HBONDS",1
717,"HBONDS",1
718,"HBONDS",1
719,"HBONDS",0
720,"HBONDS",0
721,"HBONDS",1
722,"HBONDS",1
723,"HBONDS",0
724,"HBONDS",1
725,"HBONDS",1
726,"HBONDS",0
727,"HBONDS",1
728,"HBONDS",0
729,"HBONDS",0
730,"HBONDS",0
731,"HBONDS",0
732,"HBONDS",0
733,"HBONDS",2
734,"HBONDS",1
735,"HBONDS",1
736,"HBONDS",2
737,"HBONDS",0
738,"HBONDS",2
739,"HBONDS",0
740,"HBONDS",0
741,"HBONDS",1
742,"HBONDS",0
743,"HBONDS",0
744,"HBONDS",0
745,"HBONDS",2
746,"HBONDS",1
747,"HBONDS",0
748,"HBONDS",0
749,"HBONDS",0
750,"HBONDS",1
751,"HBONDS",0
752,"HBONDS",1
753,"HBONDS",1
754,"HBONDS",0
755,"HBONDS",2
756,"HBONDS",2
757,"HBONDS",2
758,"HBONDS",1
759,"HBONDS",0
760,"HBONDS",0
761,"HBONDS",2
762,"HBONDS",1
763,"HBONDS",0
764,"HBONDS",1
765,"HBONDS",0
766,"HBONDS",1
767,"HBONDS",1
768,"HBONDS",0
769,"HBONDS",1
770,"HBONDS",0
771,"HBONDS",2
772,"HBONDS",1
773,"HBONDS",0
774,"HBONDS",0
775,"HBONDS",0
776,"HBONDS",0
777,"HBONDS",0
778,"HBONDS",0
779,"HBONDS",1
780,"HBONDS",0
781,"HBONDS",0
782,"HBONDS",0
783,"HBONDS",1
784,"HBONDS",1
785,"HBONDS",0
786,"HBONDS",0
787,"HBONDS",1
788,"HBONDS",1
789,"HBONDS",0
790,"HBONDS",0
791,"HBONDS",0
792,"HBONDS",0
793,"HBONDS",1
794,"HBONDS",0
795,"HBONDS",1
796,"HBONDS",0
797,"HBONDS",0
798,"HBONDS",0
799,"HBONDS",0
800,"HBONDS",0
801,"HBONDS",0
802,"HBONDS",0
803,"HBONDS",0
804,"HBONDS",0
805,"HBONDS",0
806,"HBONDS",0
807,"HBONDS",0
808,"HBONDS",0
809,"HBONDS",0
810,"HBONDS",0
811,"HBONDS",0
812,"HBONDS",0
813,"HBONDS",0
814,"HBONDS",0
815,"HBONDS",0
816,"HBONDS",0
817,"HBONDS",0
818,"HBONDS",0
819,"HBONDS",0
820,"HBONDS",0
821,"HBONDS",0
822,"HBONDS",0
823,"HBONDS",0
824,"HBONDS",0
825,"HBONDS",1
826,"HBONDS",0
827,"HBONDS",0
828,"HBONDS",0
829,"HBONDS",0
830,"HBONDS",0
831,"HBONDS",0
832,"HBONDS",0
833,"HBONDS",0
834,"HBONDS",0
835,"HBONDS",0
836,"HBONDS",0
837,"HBONDS",0
838,"HBONDS",0
839,"HBONDS",0
840,"HBONDS",0
841,"HBONDS",0
842,"HBONDS",0
843,"HBONDS",0
844,"HBONDS",0
845,"HBONDS",0
846,"HBONDS",0
847,"HBONDS",0
848,"HBONDS",0
849,"HBONDS",0
850,"HBONDS",0
851,"HBONDS",0
852,"HBONDS",0
853,"HBONDS",0
854,"HBONDS",0
855,"HBONDS",0
856,"HBONDS",1
857,"HBONDS",0
858,"HBONDS",0
859,"HBONDS",0
860,"HBONDS",0
861,"HBONDS",0
862,"HBONDS",0
863,"HBONDS",0
864,"HBONDS",0
865,"HBONDS",0
866,"HBONDS",0
867,"HBONDS",0
868,"HBONDS",0
869,"HBONDS",0
870,"HBONDS",0
871,"HBONDS",0
872,"HBONDS",0
873,"HBONDS",0
874,"HBONDS",0
875,"HBONDS",0
876,"HBONDS",0
877,"HBONDS",0
878,"HBONDS",0
879,"HBONDS",0
880,"HBONDS",0
881,"HBONDS",0
882,"HBONDS",0
883,"HBONDS",0
884,"HBONDS",0
885,"HBONDS",0
886,"HBONDS",0
887,"HBONDS",0
888,"HBONDS",0
889,"HBONDS",0
890,"HBONDS",0
891,"HBONDS",0
892,"HBONDS",0
893,"HBONDS",0
894,"HBONDS",0
895,"HBONDS",0
896,"HBONDS",0
897,"HBONDS",0
898,"HBONDS",1
899,"HBONDS",0
900,"HBONDS",1
901,"HBONDS",0
902,"HBONDS",1
903,"HBONDS",0
904,"HBONDS",0
905,"HBONDS",0
906,"HBONDS",0
907,"HBONDS",0
908,"HBONDS",0
909,"HBONDS",0
910,"HBONDS",1
911,"HBONDS",0
912,"HBONDS",0
913,"HBONDS",0
914,"HBONDS",0
915,"HBONDS",1
916,"HBONDS",1
917,"HBONDS",0
918,"HBONDS",0
919,"HBONDS",0
920,"HBONDS",0
921,"HBONDS",0
922,"HBONDS",0
923,"HBONDS",1
924,"HBONDS",1
925,"HBONDS",1
926,"HBONDS",0
927,"HBONDS",0
928,"HBONDS",1
929,"HBONDS",0
930,"HBONDS",0
931,"HBONDS",0
932,"HBONDS",0
933,"HBONDS",0
934,"HBONDS",1
935,"HBONDS",0
936,"HBONDS",0
937,"HBONDS",0
938,"HBONDS",0
939,"HBONDS",0
940,"HBONDS",0
941,"HBONDS",0
942,"HBONDS",0
943,"HBONDS",0
944,"HBONDS",1
945,"HBONDS",0
946,"HBONDS",0
947,"HBONDS",0
948,"HBONDS",1
949,"HBONDS",0
950,"HBONDS",0
951,"HBONDS",0
952,"HBONDS",0
953,"HBONDS",0
954,"HBONDS",0
955,"HBONDS",0
956,"HBONDS",0
957,"HBONDS",0
958,"HBONDS",0
959,"HBONDS",1
960,"HBONDS",0
961,"HBONDS",0
962,"HBONDS",0
963,"HBONDS",0
964,"HBONDS",0
965,"HBONDS",0
966,"HBONDS",0
967,"HBONDS",0
968,"HBONDS",0
969,"HBONDS",0
970,"HBONDS",0
971,"HBONDS",0
972,"HBONDS",1
973,"HBONDS",0
974,"HBONDS",0
975,"HBONDS",0
976,"HBONDS",0
977,"HBONDS",0
978,"HBONDS",0
979,"HBONDS",0
980,"HBONDS",0
981,"HBONDS",0
982,"HBONDS",1
983,"HBONDS",0
984,"HBONDS",0
985,"HBONDS",0
986,"HBONDS",0
987,"HBONDS",0
988,"HBONDS",0
989,"HBONDS",0
990,"HBONDS",0
991,"HBONDS",0
992,"HBONDS",0
993,"HBONDS",0
994,"HBONDS",0
995,"HBONDS",0
996,"HBONDS",0
997,"HBONDS",0
998,"HBONDS",0
999,"HBONDS",0
1000,"HBONDS",0
1001,"HBONDS",0
1002,"HBONDS",0
1003,"HBONDS",0
1004,"HBONDS",0
1005,"HBONDS",0
1006,"HBONDS",0
1007,"HBONDS",0
1008,"HBONDS",0
1009,"HBONDS",0
1010,"HBONDS",1
1011,"HBONDS",0
1012,"HBONDS",1
1013,"HBONDS",0
1014,"HBONDS",0
1015,"HBONDS",0
1016,"HBONDS",0
1017,"HBONDS",0
1018,"HBONDS",0
1019,"HBONDS",0
1020,"HBONDS",0
1021,"HBONDS",0
1022,"HBONDS",1
1023,"HBONDS",1
1024,"HBONDS",0
1025,"HBONDS",0
1026,"HBONDS",0
1027,"HBONDS",0
1028,"HBONDS",1
1029,"HBONDS",0
1030,"HBONDS",1
1031,"HBONDS",0
1032,"HBONDS",0
1033,"HBONDS",1
1034,"HBONDS",0
1035,"HBONDS",0
1036,"HBONDS",0
1037,"HBONDS",0
1038,"HBONDS",0
1039,"HBONDS",0
1040,"HBONDS",0
1041,"HBONDS",0
1042,"HBONDS",0
1043,"HBONDS",0
1044,"HBONDS",0
1045,"HBONDS",0
1046,"HBONDS",1
1047,"HBONDS",0
1048,"HBONDS",0
1049,"HBONDS",1
1050,"HBONDS",0
1051,"HBONDS",1
1052,"HBONDS",2
1053,"HBONDS",0
1054,"HBONDS",0
1055,"HBONDS",0
1056,"HBONDS",0
1057,"HBONDS",0
1058,"HBONDS",1
1059,"HBONDS",0
1060,"HBONDS",0
1061,"HBONDS",0
1062,"HBONDS",0
1063,"HBONDS",0
1064,"HBONDS",0
1065,"HBONDS",0
1066,"HBONDS",0
1067,"HBONDS",0
1068,"HBONDS",1
1069,"HBONDS",0
1070,"HBONDS",0
1071,"HBONDS",0
1072,"HBONDS",1
1073,"HBONDS",0
1074,"HBONDS",0
1075,"HBONDS",0
1076,"HBONDS",0
1077,"HBONDS",0
1078,"HBONDS",0
1079,"HBONDS",0
1080,"HBONDS",0
1081,"HBONDS",0
1082,"HBONDS",0
1083,"HBONDS",0
1084,"HBONDS",0
1085,"HBONDS",0
1086,"HBONDS",0
1087,"HBONDS",0
1088,"HBONDS",0
1089,"HBONDS",0
1090,"HBONDS",0
1091,"HBONDS",0
1092,"HBONDS",0
1093,"HBONDS",0
1094,"HBONDS",0
1095,"HBONDS",0
1096,"HBONDS",0
1097,"HBONDS",0
1098,"HBONDS",0
1099,"HBONDS",0
1100,"HBONDS",1
1101,"HBONDS",0
1102,"HBONDS",0
1103,"HBONDS",0
1104,"HBONDS",0
1105,"HBONDS",0
1106,"HBONDS",0
1107,"HBONDS",0
1108,"HBONDS",0
1109,"HBONDS",1
1110,"HBONDS",0
1111,"HBONDS",0
1112,"HBONDS",0
1113,"HBONDS",0
1114,"HBONDS",0
1115,"HBONDS",0
1116,"HBONDS",0
1117,"HBONDS",0
1118,"HBONDS",0
1119,"HBONDS",0
1120,"HBONDS",0
1121,"HBONDS",0
1122,"HBONDS",0
1123,"HBONDS",0
1124,"HBONDS",1
1125,"HBONDS",1
1126,"HBONDS",0
1127,"HBONDS",0
1128,"HBONDS",0
1129,"HBONDS",0
1130,"HBONDS",0
1131,"HBONDS",1
1132,"HBONDS",0
1133,"HBONDS",0
1134,"HBONDS",0
1135,"HBONDS",1
1136,"HBONDS",0
1137,"HBONDS",0
1138,"HBONDS",0
1139,"HBONDS",1
1140,"HBONDS",2
1141,"HBONDS",1
1142,"HBONDS",2
1143,"HBONDS",0
1144,"HBONDS",2
1145,"HBONDS",0
1146,"HBONDS",1
1147,"HBONDS",1
1148,"HBONDS",0
1149,"HBONDS",2
1150,"HBONDS",1
1151,"HBONDS",1
1152,"HBONDS",0
1153,"HBONDS",0
1154,"HBONDS",1
1155,"HBONDS",1
1156,"HBONDS",2
1157,"HBONDS",1
1158,"HBONDS",0
1159,"HBONDS",0
1160,"HBONDS",1
1161,"HBONDS",1
1162,"HBONDS",2
1163,"HBONDS",0
1164,"HBONDS",1
1165,"HBONDS",1
1166,"HBONDS",1
1167,"HBONDS",1
1168,"HBONDS",1
1169,"HBONDS",1
1170,"HBONDS",1
1171,"HBONDS",1
1172,"HBONDS",0
1173,"HBONDS",0
1174,"HBONDS",1
1175,"HBONDS",1
1176,"HBONDS",1
1177,"HBONDS",1
1178,"HBONDS",1
1179,"HBONDS",1
1180,"HBONDS",1
1181,"HBONDS",0
1182,"HBONDS",1
1183,"HBONDS",1
1184,"HBONDS",1
1185,"HBONDS",1
1186,"HBONDS",1
1187,"HBONDS",0
1188,"HBONDS",0
1189,"HBONDS",0
1190,"HBONDS",0
1191,"HBONDS",0
1192,"HBONDS",0
1193,"HBONDS",0
1194,"HBONDS",1
1195,"HBONDS",1
1196,"HBONDS",0
1197,"HBONDS",0
1198,"HBONDS",0
1199,"HBONDS",0
1200,"HBONDS",1
1201,"HBONDS",1
1202,"HBONDS",0
1203,"HBONDS",1
1204,"HBONDS",0
1205,"HBONDS",1
1206,"HBONDS",0
1207,"HBONDS",1
1208,"HBONDS",1
1209,"HBONDS",0
1210,"HBONDS",0
1211,"HBONDS",0
1212,"HBONDS",0
1213,"HBONDS",0
1214,"HBONDS",1
1215,"HBONDS",1
1216,"HBONDS",1
1217,"HBONDS",0
1218,"HBONDS",0
1219,"HBONDS",0
1220,"HBONDS",0
1221,"HBONDS",0
1222,"HBONDS",0
1223,"HBONDS",0
1224,"HBONDS",0
1225,"HBONDS",0
1226,"HBONDS",0
1227,"HBONDS",1
1228,"HBONDS",0
1229,"HBONDS",0
1230,"HBONDS",0
1231,"HBONDS",0
1232,"HBONDS",0
1233,"HBONDS",0
1234,"HBONDS",0
1235,"HBONDS",0
1236,"HBONDS",0
1237,"HBONDS",0
1238,"HBONDS",0
1239,"HBONDS",0
1240,"HBONDS",0
1241,"HBONDS",0
1242,"HBONDS",0
1243,"HBONDS",1
1244,"HBONDS",0
1245,"HBONDS",0
1246,"HBONDS",1
1247,"HBONDS",0
1248,"HBONDS",0
1249,"HBONDS",0
1250,"HBONDS",0
1251,"HBONDS",0
1252,"HBONDS",0
1253,"HBONDS",1
1254,"HBONDS",0
1255,"HBONDS",0
1256,"HBONDS",0
1257,"HBONDS",0
1258,"HBONDS",0
1259,"HBONDS",0
1260,"HBONDS",0
1261,"HBONDS",0
1262,"HBONDS",0
1263,"HBONDS",0
1264,"HBONDS",0
1265,"HBONDS",0
1266,"HBONDS",0
1267,"HBONDS",0
1268,"HBONDS",0
1269,"HBONDS",0
1270,"HBONDS",0
1271,"HBONDS",0
1272,"HBONDS",0
1273,"HBONDS",0
1274,"HBONDS",0
1275,"HBONDS",0
1276,"HBONDS",1
1277,"HBONDS",0
1278,"HBONDS",0
1279,"HBONDS",0
1280,"HBONDS",0
1281,"HBONDS",0
1282,"HBONDS",0
1283,"HBONDS",0
1284,"HBONDS",1
1285,"HBONDS",2
1286,"HBONDS",0
1287,"HBONDS",0
1288,"HBONDS",1
1289,"HBONDS",0
1290,"HBONDS",1
1291,"HBONDS",1
1292,"HBONDS",0
1293,"HBONDS",1
1294,"HBONDS",0
1295,"HBONDS",0
1296,"HBONDS",0
1297,"HBONDS",1
1298,"HBONDS",0
1299,"HBONDS",1
1300,"HBONDS",0
1301,"HBONDS",1
1302,"HBONDS",0
1303,"HBONDS",1
1304,"HBONDS",1
1305,"HBONDS",0
1306,"HBONDS",0
1307,"HBONDS",0
1308,"HBONDS",0
1309,"HBONDS",0
1310,"HBONDS",0
1311,"HBONDS",0
1312,"HBONDS",0
1313,"HBONDS",0
1314,"HBONDS",0
1315,"HBONDS",0
1316,"HBONDS",0
1317,"HBONDS",0
1318,"HBONDS",0
1319,"HBONDS",0
1320,"HBONDS",0
1321,"HBONDS",0
1322,"HBONDS",0
1323,"HBONDS",1
1324,"HBONDS",0
1325,"HBONDS",0
1326,"HBONDS",1
1327,"HBONDS",0
1328,"HBONDS",0
1329,"HBONDS",0
1330,"HBONDS",0
1331,"HBONDS",0
1332,"HBONDS",0
1333,"HBONDS",0
1334,"HBONDS",0
1335,"HBONDS",1
1336,"HBONDS",0
1337,"HBONDS",0
1338,"HBONDS",0
1339,"HBONDS",0
1340,"HBONDS",0
1341,"HBONDS",0
1342,"HBONDS",1
1343,"HBONDS",0
1344,"HBONDS",0
1345,"HBONDS",0
1346,"HBONDS",0
1347,"HBONDS",0
1348,"HBONDS",0
1349,"HBONDS",0
1350,"HBONDS",1
1351,"HBONDS",0
1352,"HBONDS",0
1353,"HBONDS",0
1354,"HBONDS",0
1355,"HBONDS",0
1356,"HBONDS",0
1357,"HBONDS",0
1358,"HBONDS",0
1359,"HBONDS",0
1360,"HBONDS",0
1361,"HBONDS",0
1362,"HBONDS",0
1363,"HBONDS",1
1364,"HBONDS",0
1365,"HBONDS",0
1366,"HBONDS",0
1367,"HBONDS",0
1368,"HBONDS",0
1369,"HBONDS",0
1370,"HBONDS",0
1371,"HBONDS",1
1372,"HBONDS",0
1373,"HBONDS",1
1374,"HBONDS",1
1375,"HBONDS",0
1376,"HBONDS",1
1377,"HBONDS",1
1378,"HBONDS",0
1379,"HBONDS",0
1380,"HBONDS",0
1381,"HBONDS",0
1382,"HBONDS",0
1383,"HBONDS",1
1384,"HBONDS",0
1385,"HBONDS",1
1386,"HBONDS",1
1387,"HBONDS",0
1388,"HBONDS",0
1389,"HBONDS",0
1390,"HBONDS",1
1391,"HBONDS",0
1392,"HBONDS",0
1393,"HBONDS",1
1394,"HBONDS",0
1395,"HBONDS",0
1396,"HBONDS",0
1397,"HBONDS",1
1398,"HBONDS",0
1399,"HBONDS",0
1400,"HBONDS",0
1401,"HBONDS",0
1402,"HBONDS",0
1403,"HBONDS",0
1404,"HBONDS",0
1405,"HBONDS",1
1406,"HBONDS",0
1407,"HBONDS",1
1408,"HBONDS",1
1409,"HBONDS",1
1410,"HBONDS",1
1411,"HBONDS",0
1412,"HBONDS",0
1413,"HBONDS",0
1414,"HBONDS",0
1415,"HBONDS",0
1416,"HBONDS",0
1417,"HBONDS",0
1418,"HBONDS",0
1419,"HBONDS",0
1420,"HBONDS",0
1421,"HBONDS",0
1422,"HBONDS",1
1423,"HBONDS",0
1424,"HBONDS",0
1425,"HBONDS",0
1426,"HBONDS",0
1427,"HBONDS",0
1428,"HBONDS",0
1429,"HBONDS",0
1430,"HBONDS",0
1431,"HBONDS",1
1432,"HBONDS",0
1433,"HBONDS",1
1434,"HBONDS",0
1435,"HBONDS",0
1436,"HBONDS",1
1437,"HBONDS",1
1438,"HBONDS",0
1439,"HBONDS",0
1440,"HBONDS",0
1441,"HBONDS",1
1442,"HBONDS",1
1443,"HBONDS",1
1444,"HBONDS",1
1445,"HBONDS",2
1446,"HBONDS",0
1447,"HBONDS",1
1448,"HBONDS",0
1449,"HBONDS",0
1450,"HBONDS",1
1451,"HBONDS",1
1452,"HBONDS",0
1453,"HBONDS",1
1454,"HBONDS",1
1455,"HBONDS",0
1456,"HBONDS",0
1457,"HBONDS",0
1458,"HBONDS",0
1459,"HBONDS",1
1460,"HBONDS",0
1461,"HBONDS",0
1462,"HBONDS",0
1463,"HBONDS",0
1464,"HBONDS",0
1465,"HBONDS",0
1466,"HBONDS",1
1467,"HBONDS",1
1468,"HBONDS",0
1469,"HBONDS",0
1470,"HBONDS",0
1471,"HBONDS",0
1472,"HBONDS",0
1473,"HBONDS",0
1474,"HBONDS",1
1475,"HBONDS",0
1476,"HBONDS",0
1477,"HBONDS",1
1478,"HBONDS",0
1479,"HBONDS",1
1480,"HBONDS",0
1481,"HBONDS",0
1482,"HBONDS",0
1483,"HBONDS",0
1484,"HBONDS",1
1485,"HBONDS",0
1486,"HBONDS",0
1487,"HBONDS",0
1488,"HBONDS",0
1489,"HBONDS",0
1490,"HBONDS",0
1491,"HBONDS",0
1492,"HBONDS",0
1493,"HBONDS",0
1494,"HBONDS",0
1495,"HBONDS",0
1496,"HBONDS",0
1497,"HBONDS",1
1498,"HBONDS",0
1499,"HBONDS",0
1500,"HBONDS",1
1501,"HBONDS",0
1502,"HBONDS",0
1503,"HBONDS",1
1504,"HBONDS",0
1505,"HBONDS",0
1506,"HBONDS",1
1507,"HBONDS",0
1508,"HBONDS",0
1509,"HBONDS",1
1510,"HBONDS",0
1511,"HBONDS",1
1512,"HBONDS",1
1513,"HBONDS",1
1514,"HBONDS",0
1515,"HBONDS",0
1516,"HBONDS",0
1517,"HBONDS",0
1518,"HBONDS",0
1519,"HBONDS",0
1520,"HBONDS",0
1521,"HBONDS",0
1522,"HBONDS",0
1523,"HBONDS",0
1524,"HBONDS",0
1525,"HBONDS",0
1526,"HBONDS",0
1527,"HBONDS",0
1528,"HBONDS",0
1529,"HBONDS",0
1530,"HBONDS",0
1531,"HBONDS",0
1532,"HBONDS",0
1533,"HBONDS",0
1534,"HBONDS",0
1535,"HBONDS",0
1536,"HBONDS",0
1537,"HBONDS",0
1538,"HBONDS",0
1539,"HBONDS",0
1540,"HBONDS",0
1541,"HBONDS",0
1542,"HBONDS",0
1543,"HBONDS",0
1544,"HBONDS",0
1545,"HBONDS",0
1546,"HBONDS",0
1547,"HBONDS",0
1548,"HBONDS",0
1549,"HBONDS",0
1550,"HBONDS",0
1551,"HBONDS",0
1552,"HBONDS",0
1553,"HBONDS",0
1554,"HBONDS",0
1555,"HBONDS",0
1556,"HBONDS",0
1557,"HBONDS",0
1558,"HBONDS",0
1559,"HBONDS",0
1560,"HBONDS",0
1561,"HBONDS",0
1562,"HBONDS",0
1563,"HBONDS",0
1564,"HBONDS",0
1565,"HBONDS",0
1566,"HBONDS",0
1567,"HBONDS",0
1568,"HBONDS",0
1569,"HBONDS",0
1570,"HBONDS",0
1571,"HBONDS",0
1572,"HBONDS",0
1573,"HBONDS",0
1574,"HBONDS",0
1575,"HBONDS",0
1576,"HBONDS",0
1577,"HBONDS",0
1578,"HBONDS",0
1579,"HBONDS",0
1580,"HBONDS",0
1581,"HBONDS",0
1582,"HBONDS",0
1583,"HBONDS",0
1584,"HBONDS",0
1585,"HBONDS",0
1586,"HBONDS",0
1587,"HBONDS",0
1588,"HBONDS",0
1589,"HBONDS",0
1590,"HBONDS",0
1591,"HBONDS",0
1592,"HBONDS",0
1593,"HBONDS",0
1594,"HBONDS",0
1595,"HBONDS",0
1596,"HBONDS",0
1597,"HBONDS",1
1598,"HBONDS",1
1599,"HBONDS",0
1600,"HBONDS",0
1601,"HBONDS",1
1602,"HBONDS",0
1603,"HBONDS",0
1604,"HBONDS",0
1605,"HBONDS",0
1606,"HBONDS",0
1607,"HBONDS",0
1608,"HBONDS",0
1609,"HBONDS",0
1610,"HBONDS",0
1611,"HBONDS",0
1612,"HBONDS",0
1613,"HBONDS",0
1614,"HBONDS",0
1615,"HBONDS",0
1616,"HBONDS",0
1617,"HBONDS",0
1618,"HBONDS",0
1619,"HBONDS",0
1620,"HBONDS",1
1621,"HBONDS",0
1622,"HBONDS",0
1623,"HBONDS",0
1624,"HBONDS",0
1625,"HBONDS",0
1626,"HBONDS",0
1627,"HBONDS",1
1628,"HBONDS",0
1629,"HBONDS",0
1630,"HBONDS",0
1631,"HBONDS",1
1632,"HBONDS",1
1633,"HBONDS",1
1634,"HBONDS",1
1635,"HBONDS",1
1636,"HBONDS",1
1637,"HBONDS",1
1638,"HBONDS",0
1639,"HBONDS",1
1640,"HBONDS",1
1641,"HBONDS",0
1642,"HBONDS",1
1643,"HBONDS",0
1644,"HBONDS",0
1645,"HBONDS",0
1646,"HBONDS",0
1647,"HBONDS",0
1648,"HBONDS",0
1649,"HBONDS",0
1650,"HBONDS",0
1651,"HBONDS",0
1652,"HBONDS",0
1653,"HBONDS",1
1654,"HBONDS",0
1655,"HBONDS",0
1656,"HBONDS",1
1657,"HBONDS",0
1658,"HBONDS",1
1659,"HBONDS",1
1660,"HBONDS",1
1661,"HBONDS",0
1662,"HBONDS",0
1663,"HBONDS",0
1664,"HBONDS",0
1665,"HBONDS",1
1666,"HBONDS",0
1667,"HBONDS",1
1668,"HBONDS",0
1669,"HBONDS",0
1670,"HBONDS",1
1671,"HBONDS",0
1672,"HBONDS",0
1673,"HBONDS",1
1674,"HBONDS",0
1675,"HBONDS",0
1676,"HBONDS",0
1677,"HBONDS",0
1678,"HBONDS",1
1679,"HBONDS",0
1680,"HBONDS",0
1681,"HBONDS",0
1682,"HBONDS",0
1683,"HBONDS",0
1684,"HBONDS",0
1685,"HBONDS",1
1686,"HBONDS",0
1687,"HBONDS",0
1688,"HBONDS",1
1689,"HBONDS",1
1690,"HBONDS",1
1691,"HBONDS",0
1692,"HBONDS",0
1693,"HBONDS",1
1694,"HBONDS",0
1695,"HBONDS",1
1696,"HBONDS",1
1697,"HBONDS",1
1698,"HBONDS",0
1699,"HBONDS",1
1700,"HBONDS",1
1701,"HBONDS",1
1702,"HBONDS",1
1703,"HBONDS",0
1704,"HBONDS",1
1705,"HBONDS",1
1706,"HBONDS",0
1707,"HBONDS",0
1708,"HBONDS",0
1709,"HBONDS",0
1710,"HBONDS",0
1711,"HBONDS",0
1712,"HBONDS",0
1713,"HBONDS",0
1714,"HBONDS",0
1715,"HBONDS",0
1716,"HBONDS",0
1717,"HBONDS",0
1718,"HBONDS",1
1719,"HBONDS",0
1720,"HBONDS",0
1721,"HBONDS",1
1722,"HBONDS",1
1723,"HBONDS",0
1724,"HBONDS",1
1725,"HBONDS",1
1726,"HBONDS",1
1727,"HBONDS",1
1728,"HBONDS",0
1729,"HBONDS",1
1730,"HBONDS",0
1731,"HBONDS",1
1732,"HBONDS",1
1733,"HBONDS",0
1734,"HBONDS",0
1735,"HBONDS",0
1736,"HBONDS",0
1737,"HBONDS",0
1738,"HBONDS",0
1739,"HBONDS",0
1740,"HBONDS",1
1741,"HBONDS",0
1742,"HBONDS",0
1743,"HBONDS",0
1744,"HBONDS",0
1745,"HBONDS",0
1746,"HBONDS",0
1747,"HBONDS",0
1748,"HBONDS",0
1749,"HBONDS",0
1750,"HBONDS",0
1751,"HBONDS",0
1752,"HBONDS",0
1753,"HBONDS",0
1754,"HBONDS",0
1755,"HBONDS",0
1756,"HBONDS",0
1757,"HBONDS",0
1758,"HBONDS",0
1759,"HBONDS",0
1760,"HBONDS",0
1761,"HBONDS",0
1762,"HBONDS",1
1763,"HBONDS",0
1764,"HBONDS",0
1765,"HBONDS",0
1766,"HBONDS",0
1767,"HBONDS",0
1768,"HBONDS",0
1769,"HBONDS",0
1770,"HBONDS",0
1771,"HBONDS",0
1772,"HBONDS",0
1773,"HBONDS",0
1774,"HBONDS",0
1775,"HBONDS",0
1776,"HBONDS",0
1777,"HBONDS",0
1778,"HBONDS",0
1779,"HBONDS",0
1780,"HBONDS",0
1781,"HBONDS",0
1782,"HBONDS",0
1783,"HBONDS",0
1784,"HBONDS",0
1785,"HBONDS",0
1786,"HBONDS",0
1787,"HBONDS",0
1788,"HBONDS",0
1789,"HBONDS",0
1790,"HBONDS",0
1791,"HBONDS",0
1792,"HBONDS",0
1793,"HBONDS",0
1794,"HBONDS",0
1795,"HBONDS",0
1796,"HBONDS",0
1797,"HBONDS",0
1798,"HBONDS",0
1799,"HBONDS",1
1800,"HBONDS",0
1801,"HBONDS",0
1802,"HBONDS",1
1803,"HBONDS",0
1804,"HBONDS",0
1805,"HBONDS",0
1806,"HBONDS",0
1807,"HBONDS",0
1808,"HBONDS",0
1809,"HBONDS",0
1810,"HBONDS",0
1811,"HBONDS",1
1812,"HBONDS",0
1813,"HBONDS",1
1814,"HBONDS",0
1815,"HBONDS",0
1816,"HBONDS",1
1817,"HBONDS",0
1818,"HBONDS",1
1819,"HBONDS",0
1820,"HBONDS",0
1821,"HBONDS",1
1822,"HBONDS",0
1823,"HBONDS",0
1824,"HBONDS",1
1825,"HBONDS",0
1826,"HBONDS",0
1827,"HBONDS",1
1828,"HBONDS",0
1829,"HBONDS",0
1830,"HBONDS",1
1831,"HBONDS",0
1832,"HBONDS",0
1833,"HBONDS",0
1834,"HBONDS",0
1835,"HBONDS",0
1836,"HBONDS",0
1837,"HBONDS",1
1838,"HBONDS",1
1839,"HBONDS",0
1840,"HBONDS",0
1841,"HBONDS",1
1842,"HBONDS",0
1843,"HBONDS",0
1844,"HBONDS",1
1845,"HBONDS",1
1846,"HBONDS",0
1847,"HBONDS",1
1848,"HBONDS",0
1849,"HBONDS",0
1850,"HBONDS",0
1851,"HBONDS",1
1852,"HBONDS",0
1853,"HBONDS",1
1854,"HBONDS",0
1855,"HBONDS",0
1856,"HBONDS",1
1857,"HBONDS",1
1858,"HBONDS",1
1859,"HBONDS",1
1860,"HBONDS",0
1861,"HBONDS",0
1862,"HBONDS",0
1863,"HBONDS",0
1864,"HBONDS",0
1865,"HBONDS",0
1866,"HBONDS",0
1867,"HBONDS",0
1868,"HBONDS",0
1869,"HBONDS",0
1870,"HBONDS",0
1871,"HBONDS",0
1872,"HBONDS",0
1873,"HBONDS",0
1874,"HBONDS",0
1875,"HBONDS",0
1876,"HBONDS",0
1877,"HBONDS",0
1878,"HBONDS",0
1879,"HBONDS",0
1880,"HBONDS",0
1881,"HBONDS",0
1882,"HBONDS",0
1883,"HBONDS",0
1884,"HBONDS",0
1885,"HBONDS",0
1886,"HBONDS",0
1887,"HBONDS",0
1888,"HBONDS",0
1889,"HBONDS",1
1890,"HBONDS",0
1891,"HBONDS",0
1892,"HBONDS",0
1893,"HBONDS",0
1894,"HBONDS",0
1895,"HBONDS",0
1896,"HBONDS",0
1897,"HBONDS",0
1898,"HBONDS",0
1899,"HBONDS",0
1900,"HBONDS",0
1901,"HBONDS",0
1902,"HBONDS",0
1903,"HBONDS",0
1904,"HBONDS",0
1905,"HBONDS",0
1906,"HBONDS",0
1907,"HBONDS",0
1908,"HBONDS",0
1909,"HBONDS",0
1910,"HBONDS",2
1911,"HBONDS",1
1912,"HBONDS",0
1913,"HBONDS",1
1914,"HBONDS",1
1915,"HBONDS",0
1916,"HBONDS",0
1917,"HBONDS",0
1918,"HBONDS",0
1919,"HBONDS",0
1920,"HBONDS",0
1921,"HBONDS",0
1922,"HBONDS",0
1923,"HBONDS",0
1924,"HBONDS",0
1925,"HBONDS",0
1926,"HBONDS",0
1927,"HBONDS",0
1928,"HBONDS",0
1929,"HBONDS",0
1930,"HBONDS",0
1931,"HBONDS",0
1932,"HBONDS",0
1933,"HBONDS",0
1934,"HBONDS",0
1935,"HBONDS",0
1936,"HBONDS",0
1937,"HBONDS",0
1938,"HBONDS",0
1939,"HBONDS",0
1940,"HBONDS",0
1941,"HBONDS",0
1942,"HBONDS",0
1943,"HBONDS",0
1944,"HBONDS",0
1945,"HBONDS",0
1946,"HBONDS",1
1947,"HBONDS",0
1948,"HBONDS",0
1949,"HBONDS",0
1950,"HBONDS",2
1951,"HBONDS",0
1952,"HBONDS",0
1953,"HBONDS",0
1954,"HBONDS",1
1955,"HBONDS",0
1956,"HBONDS",0
1957,"HBONDS",0
1958,"HBONDS",0
1959,"HBONDS",0
1960,"HBONDS",0
1961,"HBONDS",0
1962,"HBONDS",0
1963,"HBONDS",1
1964,"HBONDS",0
1965,"HBONDS",0
1966,"HBONDS",1
1967,"HBONDS",0
1968,"HBONDS",0
1969,"HBONDS",0
1970,"HBONDS",1
1971,"HBONDS",1
1972,"HBONDS",0
1973,"HBONDS",0
1974,"HBONDS",0
1975,"HBONDS",0
1976,"HBONDS",0
1977,"HBONDS",0
1978,"HBONDS",1
1979,"HBONDS",0
1980,"HBONDS",0
1981,"HBONDS",1
1982,"HBONDS",0
1983,"HBONDS",0
1984,"HBONDS",0
1985,"HBONDS",0
1986,"HBONDS",1
1987,"HBONDS",1
1988,"HBONDS",0
1989,"HBONDS",1
1990,"HBONDS",0
1991,"HBONDS",0
1992,"HBONDS",1
1993,"HBONDS",0
1994,"HBONDS",0
1995,"HBONDS",0
1996,"HBONDS",0
1997,"HBONDS",1
1998,"HBONDS",0
1999,"HBONDS",0
2000,"HBONDS",0
2001,"HBONDS",0
2002,"HBONDS",1
2003,"HBONDS",0
2004,"HBONDS",0
2005,"HBONDS",1
2006,"HBONDS",1
2007,"HBONDS",0
2008,"HBONDS",0
2009,"HBONDS",1
2010,"HBONDS",0
2011,"HBONDS",1
2012,"HBONDS",1
2013,"HBONDS",1
2014,"HBONDS",0
2015,"HBONDS",1
2016,"HBONDS",2
2017,"HBONDS",2
2018,"HBONDS",1
2019,"HBONDS",0
2020,"HBONDS",0
2021,"HBONDS",2
2022,"HBONDS",0
2023,"HBONDS",1
2024,"HBONDS",0
2025,"HBONDS",1
2026,"HBONDS",0
2027,"HBONDS",0
2028,"HBONDS",0
2029,"HBONDS",0
2030,"HBONDS",1
2031,"HBONDS",0
2032,"HBONDS",0
2033,"HBONDS",0
2034,"HBONDS",0
2035,"HBONDS",0
2036,"HBONDS",0
2037,"HBONDS",0
2038,"HBONDS",0
2039,"HBONDS",1
2040,"HBONDS",1
2041,"HBONDS",0
2042,"HBONDS",0
2043,"HBONDS",1
2044,"HBONDS",0
2045,"HBONDS",0
2046,"HBONDS",0
2047,"HBONDS",0
2048,"HBONDS",0
2049,"HBONDS",1
2050,"HBONDS",0
2051,"HBONDS",0
2052,"HBONDS",0
2053,"HBONDS",0
2054,"HBONDS",0
2055,"HBONDS",0
2056,"HBONDS",1
2057,"HBONDS",0
2058,"HBONDS",0
2059,"HBONDS",0
2060,"HBONDS",0
2061,"HBONDS",0
2062,"HBONDS",0
2063,"HBONDS",0
2064,"HBONDS",0
2065,"HBONDS",0
2066,"HBONDS",0
2067,"HBONDS",0
2068,"HBONDS",0
2069,"HBONDS",1
2070,"HBONDS",0
2071,"HBONDS",0
2072,"HBONDS",0
2073,"HBONDS",0
2074,"HBONDS",0
2075,"HBONDS",0
2076,"HBONDS",0
2077,"HBONDS",0
2078,"HBONDS",0
2079,"HBONDS",0
2080,"HBONDS",1
2081,"HBONDS",1
2082,"HBONDS",0
2083,"HBONDS",0
2084,"HBONDS",0
2085,"HBONDS",0
2086,"HBONDS",1
2087,"HBONDS",1
2088,"HBONDS",1
2089,"HBONDS",0
2090,"HBONDS",0
2091,"HBONDS",0
2092,"HBONDS",0
2093,"HBONDS",0
2094,"HBONDS",0
2095,"HBONDS",1
2096,"HBONDS",1
2097,"HBONDS",1
2098,"HBONDS",0
2099,"HBONDS",0
2100,"HBONDS",0
2101,"HBONDS",0
2102,"HBONDS",0
2103,"HBONDS",1
2104,"HBONDS",0
2105,"HBONDS",0
2106,"HBONDS",0
2107,"HBONDS",0
2108,"HBONDS",1
2109,"HBONDS",2
2110,"HBONDS",2
2111,"HBONDS",0
2112,"HBONDS",1
2113,"HBONDS",0
2114,"HBONDS",0
2115,"HBONDS",0
2116,"HBONDS",0
2117,"HBONDS",0
2118,"HBONDS",0
2119,"HBONDS",1
2120,"HBONDS",1
2121,"HBONDS",0
2122,"HBONDS",1
2123,"HBONDS",1
2124,"HBONDS",0
2125,"HBONDS",1
2126,"HBONDS",0
2127,"HBONDS",0
2128,"HBONDS",0
2129,"HBONDS",1
2130,"HBONDS",1
2131,"HBONDS",0
2132,"HBONDS",1
2133,"HBONDS",0
2134,"HBONDS",0
2135,"HBONDS",1
2136,"HBONDS",1
2137,"HBONDS",1
2138,"HBONDS",0
2139,"HBONDS",0
2140,"HBONDS",0
2141,"HBONDS",0
2142,"HBONDS",1
2143,"HBONDS",0
2144,"HBONDS",0
2145,"HBONDS",0
2146,"HBONDS",0
2147,"HBONDS",0
2148,"HBONDS",0
2149,"HBONDS",0
2150,"HBONDS",0
2151,"HBONDS",1
2152,"HBONDS",1
2153,"HBONDS",0
2154,"HBONDS",0
2155,"HBONDS",0
2156,"HBONDS",0
2157,"HBONDS",0
2158,"HBONDS",0
2159,"HBONDS",0
2160,"HBONDS",0
2161,"HBONDS",0
2162,"HBONDS",0
2163,"HBONDS",0
2164,"HBONDS",1
2165,"HBONDS",1
2166,"HBONDS",0
2167,"HBONDS",0
2168,"HBONDS",0
2169,"HBONDS",1
2170,"HBONDS",0
2171,"HBONDS",0
2172,"HBONDS",0
2173,"HBONDS",0
2174,"HBONDS",1
2175,"HBONDS",0
2176,"HBONDS",1
2177,"HBONDS",1
2178,"HBONDS",0
2179,"HBONDS",0
2180,"HBONDS",0
2181,"HBONDS",0
2182,"HBONDS",0
2183,"HBONDS",0
2184,"HBONDS",0
2185,"HBONDS",0
2186,"HBONDS",0
2187,"HBONDS",0
2188,"HBONDS",0
2189,"HBONDS",1
2190,"HBONDS",0
2191,"HBONDS",0
2192,"HBONDS",0
2193,"HBONDS",0
2194,"HBONDS",0
2195,"HBONDS",0
2196,"HBONDS",0
2197,"HBONDS",0
2198,"HBONDS",1
2199,"HBONDS",0
2200,"HBONDS",1
2201,"HBONDS",0
2202,"HBONDS",0
2203,"HBONDS",0
2204,"HBONDS",0
2205,"HBONDS",0
2206,"HBONDS",0
2207,"HBONDS",0
2208,"HBONDS",0
2209,"HBONDS",0
2210,"HBONDS",0
2211,"HBONDS",0
2212,"HBONDS",0
2213,"HBONDS",1
2214,"HBONDS",0
2215,"HBONDS",0
2216,"HBONDS",0
2217,"HBONDS",0
2218,"HBONDS",0
2219,"HBONDS",0
2220,"HBONDS",0
2221,"HBONDS",0
2222,"HBONDS",0
2223,"HBONDS",0
2224,"HBONDS",0
2225,"HBONDS",0
2226,"HBONDS",0
2227,"HBONDS",0
2228,"HBONDS",0
2229,"HBONDS",0
2230,"HBONDS",0
2231,"HBONDS",0
2232,"HBONDS",0
2233,"HBONDS",0
2234,"HBONDS",0
2235,"HBONDS",0
2236,"HBONDS",0
2237,"HBONDS",0
2238,"HBONDS",0
2239,"HBONDS",0
2240,"HBONDS",0
2241,"HBONDS",0
2242,"HBONDS",0
2243,"HBONDS",0
2244,"HBONDS",0
2245,"HBONDS",1
2246,"HBONDS",0
2247,"HBONDS",1
2248,"HBONDS",0
2249,"HBONDS",0
2250,"HBONDS",0
2251,"HBONDS",0
2252,"HBONDS",0
2253,"HBONDS",0
2254,"HBONDS",0
2255,"HBONDS",0
2256,"HBONDS",0
2257,"HBONDS",0
2258,"HBONDS",0
2259,"HBONDS",0
2260,"HBONDS",1
2261,"HBONDS",0
2262,"HBONDS",0
2263,"HBONDS",0
2264,"HBONDS",0
2265,"HBONDS",0
2266,"HBONDS",0
2267,"HBONDS",0
2268,"HBONDS",0
2269,"HBONDS",0
2270,"HBONDS",0
2271,"HBONDS",1
2272,"HBONDS",0
2273,"HBONDS",0
2274,"HBONDS",0
2275,"HBONDS",0
2276,"HBONDS",1
2277,"HBONDS",1
2278,"HBONDS",0
2279,"HBONDS",0
2280,"HBONDS",0
2281,"HBONDS",0
2282,"HBONDS",1
2283,"HBONDS",1
2284,"HBONDS",0
2285,"HBONDS",0
2286,"HBONDS",0
2287,"HBONDS",0
2288,"HBONDS",0
2289,"HBONDS",0
2290,"HBONDS",0
2291,"HBONDS",0
2292,"HBONDS",0
2293,"HBONDS",0
2294,"HBONDS",0
2295,"HBONDS",0
2296,"HBONDS",0
2297,"HBONDS",1
2298,"HBONDS",0
2299,"HBONDS",0
2300,"HBONDS",0
2301,"HBONDS",0
2302,"HBONDS",1
2303,"HBONDS",0
2304,"HBONDS",1
2305,"HBONDS",1
2306,"HBONDS",1
2307,"HBONDS",0
2308,"HBONDS",1
2309,"HBONDS",1
2310,"HBONDS",0
2311,"HBONDS",0
2312,"HBONDS",0
2313,"HBONDS",0
2314,"HBONDS",0
2315,"HBONDS",1
2316,"HBONDS",0
2317,"HBONDS",0
2318,"HBONDS",0
2319,"HBONDS",0
2320,"HBONDS",0
2321,"HBONDS",0
2322,"HBONDS",1
2323,"HBONDS",1
2324,"HBONDS",0
2325,"HBONDS",0
2326,"HBONDS",1
2327,"HBONDS",0
2328,"HBONDS",1
2329,"HBONDS",0
2330,"HBONDS",0
2331,"HBONDS",0
2332,"HBONDS",0
2333,"HBONDS",1
2334,"HBONDS",1
2335,"HBONDS",1
2336,"HBONDS",1
2337,"HBONDS",1
2338,"HBONDS",1
2339,"HBONDS",0
2340,"HBONDS",1
2341,"HBONDS",0
2342,"HBONDS",1
2343,"HBONDS",0
2344,"HBONDS",2
2345,"HBONDS",1
2346,"HBONDS",1
2347,"HBONDS",0
2348,"HBONDS",1
2349,"HBONDS",0
2350,"HBONDS",0
2351,"HBONDS",1
2352,"HBONDS",2
2353,"HBONDS",1
2354,"HBONDS",2
2355,"HBONDS",1
2356,"HBONDS",1
2357,"HBONDS",1
2358,"HBONDS",2
2359,"HBONDS",1
2360,"HBONDS",1
2361,"HBONDS",0
2362,"HBONDS",0
2363,"HBONDS",0
2364,"HBONDS",0
2365,"HBONDS",0
2366,"HBONDS",0
2367,"HBONDS",0
2368,"HBONDS",0
2369,"HBONDS",1
2370,"HBONDS",1
2371,"HBONDS",1
2372,"HBONDS",1
2373,"HBONDS",1
2374,"HBONDS",0
2375,"HBONDS",1
2376,"HBONDS",1
2377,"HBONDS",0
2378,"HBONDS",0
2379,"HBONDS",0
2380,"HBONDS",0
2381,"HBONDS",1
2382,"HBONDS",1
2383,"HBONDS",1
2384,"HBONDS",1
2385,"HBONDS",0
2386,"HBONDS",1
2387,"HBONDS",1
2388,"HBONDS",1
2389,"HBONDS",0
2390,"HBONDS",1
2391,"HBONDS",0
2392,"HBONDS",1
2393,"HBONDS",1
2394,"HBONDS",0
2395,"HBONDS",1
2396,"HBONDS",1
2397,"HBONDS",0
2398,"HBONDS",1
2399,"HBONDS",1
2400,"HBONDS",1
2401,"HBONDS",0
2402,"HBONDS",1
2403,"HBONDS",1
2404,"HBONDS",1
2405,"HBONDS",0
2406,"HBONDS",0
2407,"HBONDS",1
2408,"HBONDS",1
2409,"HBONDS",1
2410,"HBONDS",0
2411,"HBONDS",0
2412,"HBONDS",1
2413,"HBONDS",0
2414,"HBONDS",1
2415,"HBONDS",1
2416,"HBONDS",1
2417,"HBONDS",1
2418,"HBONDS",0
2419,"HBONDS",0
2420,"HBONDS",0
2421,"HBONDS",1
2422,"HBONDS",1
2423,"HBONDS",1
2424,"HBONDS",1
2425,"HBONDS",0
2426,"HBONDS",0
2427,"HBONDS",0
2428,"HBONDS",0
2429,"HBONDS",1
2430,"HBONDS",0
2431,"HBONDS",0
2432,"HBONDS",0
2433,"HBONDS",0
2434,"HBONDS",1
2435,"HBONDS",0
2436,"HBONDS",1
2437,"HBONDS",0
2438,"HBONDS",1
2439,"HBONDS",0
2440,"HBONDS",0
2441,"HBONDS",0
2442,"HBONDS",0
2443,"HBONDS",1
2444,"HBONDS",1
2445,"HBONDS",0
2446,"HBONDS",1
2447,"HBONDS",1
2448,"HBONDS",1
2449,"HBONDS",1
2450,"HBONDS",1
2451,"HBONDS",0
2452,"HBONDS",1
2453,"HBONDS",0
2454,"HBONDS",0
2455,"HBONDS",1
2456,"HBONDS",0
2457,"HBONDS",0
2458,"HBONDS",1
2459,"HBONDS",0
2460,"HBONDS",0
2461,"HBONDS",0
2462,"HBONDS",1
2463,"HBONDS",0
2464,"HBONDS",1
2465,"HBONDS",0
2466,"HBONDS",1
2467,"HBONDS",0
2468,"HBONDS",1
2469,"HBONDS",1
2470,"HBONDS",0
2471,"HBONDS",1
2472,"HBONDS",1
2473,"HBONDS",0
2474,"HBONDS",0
2475,"HBONDS",1
2476,"HBONDS",0
2477,"HBONDS",1
2478,"HBONDS",1
2479,"HBONDS",0
2480,"HBONDS",1
2481,"HBONDS",1
2482,"HBONDS",0
2483,"HBONDS",0
2484,"HBONDS",0
2485,"HBONDS",1
2486,"HBONDS",0
2487,"HBONDS",0
2488,"HBONDS",0
2489,"HBONDS",0
2490,"HBONDS",1
2491,"HBONDS",0
2492,"HBONDS",1
2493,"HBONDS",1
2494,"HBONDS",0
2495,"HBONDS",1
2496,"HBONDS",1
2497,"HBONDS",1
2498,"HBONDS",0
2499,"HBONDS",1
2500,"HBONDS",1
2501,"HBONDS",0
2502,"HBONDS",0
2503,"HBONDS",1
2504,"HBONDS",1
2505,"HBONDS",1
2506,"HBONDS",1
2507,"HBONDS",1
2508,"HBONDS",1
2509,"HBONDS",0
2510,"HBONDS",0
2511,"HBONDS",1
2512,"HBONDS",0
2513,"HBONDS",0
2514,"HBONDS",1
2515,"HBONDS",0
2516,"HBONDS",0
2517,"HBONDS",0
2518,"HBONDS",0
2519,"HBONDS",0
2520,"HBONDS",0
2521,"HBONDS",0
2522,"HBONDS",0
2523,"HBONDS",0
2524,"HBONDS",0
2525,"HBONDS",1
2526,"HBONDS",0
2527,"HBONDS",0
2528,"HBONDS",0
2529,"HBONDS",0
2530,"HBONDS",0
2531,"HBONDS",0
2532,"HBONDS",0
2533,"HBONDS",0
2534,"HBONDS",0
2535,"HBONDS",0
2536,"HBONDS",1
2537,"HBONDS",1
2538,"HBONDS",1
2539,"HBONDS",0
2540,"HBONDS",0
2541,"HBONDS",0
2542,"HBONDS",0
2543,"HBONDS",0
2544,"HBONDS",0
2545,"HBONDS",0
2546,"HBONDS",0
2547,"HBONDS",0
2548,"HBONDS",0
2549,"HBONDS",0
2550,"HBONDS",0
2551,"HBONDS",0
2552,"HBONDS",0
2553,"HBONDS",0
2554,"HBONDS",0
2555,"HBONDS",0
2556,"HBONDS",0
2557,"HBONDS",0
2558,"HBONDS",0
2559,"HBONDS",0
2560,"HBONDS",0
2561,"HBONDS",0
2562,"HBONDS",0
2563,"HBONDS",0
2564,"HBONDS",0
2565,"HBONDS",0
2566,"HBONDS",0
2567,"HBONDS",0
2568,"HBONDS",0
2569,"HBONDS",0
2570,"HBONDS",0
2571,"HBONDS",0
2572,"HBONDS",0
2573,"HBONDS",0
2574,"HBONDS",0
2575,"HBONDS",0
2576,"HBONDS",0
2577,"HBONDS",0
2578,"HBONDS",0
2579,"HBONDS",0
2580,"HBONDS",0
2581,"HBONDS",0
2582,"HBONDS",0
2583,"HBONDS",0
2584,"HBONDS",0
2585,"HBONDS",0
2586,"HBONDS",0
2587,"HBONDS",0
2588,"HBONDS",0
2589,"HBONDS",1
2590,"HBONDS",0
2591,"HBONDS",0
2592,"HBONDS",0
2593,"HBONDS",0
2594,"HBONDS",1
2595,"HBONDS",1
2596,"HBONDS",1
2597,"HBONDS",0
2598,"HBONDS",0
2599,"HBONDS",1
2600,"HBONDS",0
2601,"HBONDS",0
2602,"HBONDS",0
2603,"HBONDS",0
2604,"HBONDS",0
2605,"HBONDS",0
2606,"HBONDS",0
2607,"HBONDS",0
2608,"HBONDS",0
2609,"HBONDS",0
2610,"HBONDS",0
2611,"HBONDS",0
2612,"HBONDS",1
2613,"HBONDS",0
2614,"HBONDS",0
2615,"HBONDS",0
2616,"HBONDS",1
2617,"HBONDS",1
2618,"HBONDS",1
2619,"HBONDS",1
2620,"HBONDS",0
2621,"HBONDS",1
2622,"HBONDS",0
2623,"HBONDS",1
2624,"HBONDS",0
2625,"HBONDS",1
2626,"HBONDS",1
2627,"HBONDS",0
2628,"HBONDS",0
2629,"HBONDS",0
2630,"HBONDS",1
2631,"HBONDS",0
2632,"HBONDS",0
2633,"HBONDS",0
2634,"HBONDS",0
2635,"HBONDS",0
2636,"HBONDS",0
2637,"HBONDS",0
2638,"HBONDS",0
2639,"HBONDS",0
2640,"HBONDS",0
2641,"HBONDS",0
2642,"HBONDS",0
2643,"HBONDS",0
2644,"HBONDS",0
2645,"HBONDS",0
2646,"HBONDS",0
2647,"HBONDS",0
2648,"HBONDS",1
2649,"HBONDS",0
2650,"HBONDS",1
2651,"HBONDS",0
2652,"HBONDS",0
2653,"HBONDS",0
2654,"HBONDS",0
2655,"HBONDS",0
2656,"HBONDS",0
2657,"HBONDS",0
2658,"HBONDS",0
2659,"HBONDS",0
2660,"HBONDS",1
2661,"HBONDS",0
2662,"HBONDS",0
2663,"HBONDS",0
2664,"HBONDS",0
2665,"HBONDS",0
2666,"HBONDS",0
2667,"HBONDS",0
2668,"HBONDS",0
2669,"HBONDS",0
2670,"HBONDS",1
2671,"HBONDS",0
2672,"HBONDS",1
2673,"HBONDS",0
2674,"HBONDS",1
2675,"HBONDS",0
2676,"HBONDS",0
2677,"HBONDS",0
2678,"HBONDS",0
2679,"HBONDS",0
2680,"HBONDS",0
2681,"HBONDS",0
2682,"HBONDS",0
2683,"HBONDS",0
2684,"HBONDS",0
2685,"HBONDS",0
2686,"HBONDS",0
2687,"HBONDS",0
2688,"HBONDS",1
2689,"HBONDS",1
2690,"HBONDS",0
2691,"HBONDS",0
2692,"HBONDS",0
2693,"HBONDS",0
2694,"HBONDS",0
2695,"HBONDS",0
2696,"HBONDS",1
2697,"HBONDS",1
2698,"HBONDS",1
2699,"HBONDS",0
2700,"HBONDS",0
2701,"HBONDS",0
2702,"HBONDS",0
2703,"HBONDS",0
2704,"HBONDS",1
2705,"HBONDS",1
2706,"HBONDS",1
2707,"HBONDS",1
2708,"HBONDS",0
2709,"HBONDS",1
2710,"HBONDS",1
2711,"HBONDS",1
2712,"HBONDS",0
2713,"HBONDS",0
2714,"HBONDS",0
2715,"HBONDS",0
2716,"HBONDS",2
2717,"HBONDS",0
2718,"HBONDS",0
2719,"HBONDS",0
2720,"HBONDS",1
2721,"HBONDS",1
2722,"HBONDS",0
2723,"HBONDS",0
2724,"HBONDS",0
2725,"HBONDS",0
2726,"HBONDS",0
2727,"HBONDS",0
2728,"HBONDS",0
2729,"HBONDS",0
2730,"HBONDS",1
2731,"HBONDS",1
2732,"HBONDS",0
2733,"HBONDS",0
2734,"HBONDS",0
2735,"HBONDS",0
2736,"HBONDS",0
2737,"HBONDS",0
2738,"HBONDS",1
2739,"HBONDS",1
2740,"HBONDS",0
2741,"HBONDS",1
2742,"HBONDS",0
2743,"HBONDS",0
2744,"HBONDS",0
2745,"HBONDS",0
2746,"HBONDS",0
2747,"HBONDS",1
2748,"HBONDS",1
2749,"HBONDS",1
2750,"HBONDS",1
2751,"HBONDS",1
2752,"HBONDS",0
2753,"HBONDS",1
2754,"HBONDS",1
2755,"HBONDS",1
2756,"HBONDS",1
2757,"HBONDS",1
2758,"HBONDS",1
2759,"HBONDS",1
2760,"HBONDS",1
2761,"HBONDS",1
2762,"HBONDS",0
2763,"HBONDS",0
2764,"HBONDS",0
2765,"HBONDS",1
2766,"HBONDS",1
2767,"HBONDS",0
2768,"HBONDS",0
2769,"HBONDS",0
2770,"HBONDS",1
2771,"HBONDS",0
2772,"HBONDS",1
2773,"HBONDS",1
2774,"HBONDS",1
2775,"HBONDS",1
2776,"HBONDS",0
2777,"HBONDS",0
2778,"HBONDS",0
2779,"HBONDS",1
2780,"HBONDS",0
2781,"HBONDS",1
2782,"HBONDS",1
2783,"HBONDS",1
2784,"HBONDS",1
2785,"HBONDS",1
2786,"HBONDS",1
2787,"HBONDS",0
2788,"HBONDS",0
2789,"HBONDS",0
2790,"HBONDS",1
2791,"HBONDS",1
2792,"HBONDS",0
2793,"HBONDS",1
2794,"HBONDS",0
2795,"HBONDS",0
2796,"HBONDS",0
2797,"HBONDS",1
2798,"HBONDS",0
2799,"HBONDS",0
2800,"HBONDS",1
2801,"HBONDS",1
2802,"HBONDS",1
2803,"HBONDS",0
2804,"HBONDS",0
2805,"HBONDS",1
2806,"HBONDS",0
2807,"HBONDS",0
2808,"HBONDS",0
2809,"HBONDS",0
2810,"HBONDS",1
2811,"HBONDS",1
2812,"HBONDS",1
2813,"HBONDS",1
2814,"HBONDS",1
2815,"HBONDS",1
2816,"HBONDS",1
2817,"HBONDS",0
2818,"HBONDS",1
2819,"HBONDS",0
2820,"HBONDS",0
2821,"HBONDS",0
2822,"HBONDS",0
2823,"HBONDS",0
2824,"HBONDS",0
2825,"HBONDS",0
2826,"HBONDS",0
2827,"HBONDS",1
2828,"HBONDS",0
2829,"HBONDS",1
2830,"HBONDS",0
2831,"HBONDS",0
2832,"HBONDS",0
2833,"HBONDS",0
2834,"HBONDS",1
2835,"HBONDS",0
2836,"HBONDS",0
2837,"HBONDS",0
2838,"HBONDS",0
2839,"HBONDS",1
2840,"HBONDS",1
2841,"HBONDS",1
2842,"HBONDS",1
2843,"HBONDS",0
2844,"HBONDS",0
2845,"HBONDS",1
2846,"HBONDS",1
2847,"HBONDS",1
2848,"HBONDS",0
2849,"HBONDS",0
2850,"HBONDS",1
2851,"HBONDS",0
2852,"HBONDS",1
2853,"HBONDS",0
2854,"HBONDS",0
2855,"HBONDS",0
2856,"HBONDS",0
2857,"HBONDS",1
2858,"HBONDS",0
2859,"HBONDS",0
2860,"HBONDS",0
2861,"HBONDS",0
2862,"HBONDS",0
2863,"HBONDS",0
2864,"HBONDS",1
2865,"HBONDS",1
2866,"HBONDS",0
2867,"HBONDS",0
2868,"HBONDS",0
2869,"HBONDS",0
2870,"HBONDS",0
2871,"HBONDS",0
2872,"HBONDS",0
2873,"HBONDS",1
2874,"HBONDS",0
2875,"HBONDS",0
2876,"HBONDS",0
2877,"HBONDS",0
2878,"HBONDS",0
2879,"HBONDS",0
2880,"HBONDS",0
2881,"HBONDS",0
2882,"HBONDS",0
2883,"HBONDS",1
2884,"HBONDS",0
2885,"HBONDS",1
2886,"HBONDS",0
2887,"HBONDS",0
2888,"HBONDS",0
2889,"HBONDS",0
2890,"HBONDS",0
2891,"HBONDS",0
2892,"HBONDS",0
2893,"HBONDS",0
2894,"HBONDS",0
2895,"HBONDS",0
2896,"HBONDS",0
2897,"HBONDS",0
2898,"HBONDS",0
2899,"HBONDS",0
2900,"HBONDS",0
2901,"HBONDS",1
2902,"HBONDS",0
2903,"HBONDS",0
2904,"HBONDS",0
2905,"HBONDS",0
2906,"HBONDS",0
2907,"HBONDS",0
2908,"HBONDS",0
2909,"HBONDS",0
2910,"HBONDS",0
2911,"HBONDS",0
2912,"HBONDS",0
2913,"HBONDS",0
2914,"HBONDS",0
2915,"HBONDS",0
2916,"HBONDS",0
2917,"HBONDS",0
2918,"HBONDS",0
2919,"HBONDS",0
2920,"HBONDS",0
2921,"HBONDS",0
2922,"HBONDS",0
2923,"HBONDS",0
2924,"HBONDS",0
2925,"HBONDS",0
2926,"HBONDS",1
2927,"HBONDS",0
2928,"HBONDS",0
2929,"HBONDS",0
2930,"HBONDS",0
2931,"HBONDS",0
2932,"HBONDS",0
2933,"HBONDS",0
2934,"HBONDS",0
2935,"HBONDS",0
2936,"HBONDS",0
2937,"HBONDS",0
2938,"HBONDS",0
2939,"HBONDS",0
2940,"HBONDS",0
2941,"HBONDS",0
2942,"HBONDS",0
2943,"HBONDS",0
2944,"HBONDS",0
2945,"HBONDS",0
2946,"HBONDS",0
2947,"HBONDS",0
2948,"HBONDS",0
2949,"HBONDS",0
2950,"HBONDS",0
2951,"HBONDS",0
2952,"HBONDS",0
2953,"HBONDS",0
2954,"HBONDS",0
2955,"HBONDS",1
2956,"HBONDS",1
2957,"HBONDS",0
2958,"HBONDS",1
2959,"HBONDS",0
2960,"HBONDS",0
2961,"HBONDS",0
2962,"HBONDS",0
2963,"HBONDS",0
2964,"HBONDS",0
2965,"HBONDS",0
2966,"HBONDS",0
2967,"HBONDS",0
2968,"HBONDS",1
2969,"HBONDS",0
2970,"HBONDS",0
2971,"HBONDS",0
2972,"HBONDS",0
2973,"HBONDS",0
2974,"HBONDS",0
2975,"HBONDS",0
2976,"HBONDS",0
2977,"HBONDS",0
2978,"HBONDS",0
2979,"HBONDS",0
2980,"HBONDS",0
2981,"HBONDS",0
2982,"HBONDS",0
2983,"HBONDS",0
2984,"HBONDS",0
2985,"HBONDS",0
2986,"HBONDS",0
2987,"HBONDS",0
2988,"HBONDS",0
2989,"HBONDS",0
2990,"HBONDS",0
2991,"HBONDS",0
2992,"HBONDS",0
2993,"HBONDS",0
2994,"HBONDS",0
2995,"HBONDS",0
2996,"HBONDS",0
2997,"HBONDS",0
2998,"HBONDS",0
2999,"HBONDS",0
3000,"HBONDS",0
3001,"HBONDS",0
3002,"HBONDS",0
3003,"HBONDS",0
3004,"HBONDS",0
3005,"HBONDS",0
3006,"HBONDS",0
3007,"HBONDS",0
3008,"HBONDS",0
3009,"HBONDS",1
3010,"HBONDS",0
3011,"HBONDS",0
3012,"HBONDS",0
3013,"HBONDS",0
3014,"HBONDS",0
3015,"HBONDS",0
3016,"HBONDS",0
3017,"HBONDS",0
3018,"HBONDS",0
3019,"HBONDS",0
3020,"HBONDS",0
3021,"HBONDS",0
3022,"HBONDS",1
3023,"HBONDS",0
3024,"HBONDS",0
3025,"HBONDS",0
3026,"HBONDS",0
3027,"HBONDS",0
3028,"HBONDS",0
3029,"HBONDS",1
3030,"HBONDS",0
3031,"HBONDS",0
3032,"HBONDS",0
3033,"HBONDS",0
3034,"HBONDS",0
3035,"HBONDS",0
3036,"HBONDS",0
3037,"HBONDS",0
3038,"HBONDS",0
3039,"HBONDS",0
3040,"HBONDS",1
3041,"HBONDS",0
3042,"HBONDS",1
3043,"HBONDS",0
3044,"HBONDS",0
3045,"HBONDS",1
3046,"HBONDS",1
3047,"HBONDS",0
3048,"HBONDS",1
3049,"HBONDS",0
3050,"HBONDS",0
3051,"HBONDS",0
3052,"HBONDS",0
3053,"HBONDS",1
3054,"HBONDS",1
3055,"HBONDS",0
3056,"HBONDS",0
3057,"HBONDS",0
3058,"HBONDS",0
3059,"HBONDS",0
3060,"HBONDS",0
3061,"HBONDS",0
3062,"HBONDS",0
3063,"HBONDS",0
3064,"HBONDS",0
3065,"HBONDS",0
3066,"HBONDS",0
3067,"HBONDS",0
3068,"HBONDS",0
3069,"HBONDS",0
3070,"HBONDS",0
3071,"HBONDS",0
3072,"HBONDS",0
3073,"HBONDS",0
3074,"HBONDS",0
3075,"HBONDS",0
3076,"HBONDS",0
3077,"HBONDS",0
3078,"HBONDS",0
3079,"HBONDS",0
3080,"HBONDS",0
3081,"HBONDS",0
3082,"HBONDS",0
3083,"HBONDS",0
3084,"HBONDS",0
3085,"HBONDS",0
3086,"HBONDS",0
3087,"HBONDS",0
3088,"HBONDS",0
3089,"HBONDS",0
3090,"HBONDS",1
3091,"HBONDS",1
3092,"HBONDS",0
3093,"HBONDS",0
3094,"HBONDS",0
3095,"HBONDS",0
3096,"HBONDS",0
3097,"HBONDS",0
3098,"HBONDS",0
3099,"HBONDS",1
3100,"HBONDS",0
3101,"HBONDS",0
3102,"HBONDS",0
3103,"HBONDS",0
3104,"HBONDS",0
3105,"HBONDS",0
3106,"HBONDS",0
3107,"HBONDS",0
3108,"HBONDS",0
3109,"HBONDS",0
3110,"HBONDS",0
3111,"HBONDS",0
3112,"HBONDS",0
3113,"HBONDS",0
3114,"HBONDS",0
3115,"HBONDS",0
3116,"HBONDS",0
3117,"HBONDS",0
3118,"HBONDS",0
3119,"HBONDS",0
3120,"HBONDS",0
3121,"HBONDS",1
3122,"HBONDS",0
3123,"HBONDS",0
3124,"HBONDS",0
3125,"HBONDS",0
3126,"HBONDS",0
3127,"HBONDS",1
3128,"HBONDS",0
3129,"HBONDS",1
3130,"HBONDS",0
3131,"HBONDS",0
3132,"HBONDS",0
3133,"HBONDS",0
3134,"HBONDS",0
3135,"HBONDS",0
3136,"HBONDS",0
3137,"HBONDS",0
3138,"HBONDS",0
3139,"HBONDS",0
3140,"HBONDS",0
3141,"HBONDS",0
3142,"HBONDS",0
3143,"HBONDS",0
3144,"HBONDS",0
3145,"HBONDS",0
3146,"HBONDS",0
3147,"HBONDS",0
3148,"HBONDS",0
3149,"HBONDS",0
3150,"HBONDS",0
3151,"HBONDS",0
3152,"HBONDS",0
3153,"HBONDS",0
3154,"HBONDS",0
3155,"HBONDS",0
3156,"HBONDS",1
3157,"HBONDS",0
3158,"HBONDS",0
3159,"HBONDS",0
3160,"HBONDS",0
3161,"HBONDS",0
3162,"HBONDS",0
3163,"HBONDS",0
3164,"HBONDS",0
3165,"HBONDS",0
3166,"HBONDS",0
3167,"HBONDS",0
3168,"HBONDS",0
3169,"HBONDS",0
3170,"HBONDS",0
3171,"HBONDS",0
3172,"HBONDS",0
3173,"HBONDS",0
3174,"HBONDS",0
3175,"HBONDS",0
3176,"HBONDS",0
3177,"HBONDS",0
3178,"HBONDS",0
3179,"HBONDS",0
3180,"HBONDS",0
3181,"HBONDS",0
3182,"HBONDS",0
3183,"HBONDS",0
3184,"HBONDS",0
3185,"HBONDS",0
3186,"HBONDS",0
3187,"HBONDS",0
3188,"HBONDS",0
3189,"HBONDS",0
3190,"HBONDS",0
3191,"HBONDS",0
3192,"HBONDS",0
3193,"HBONDS",0
3194,"HBONDS",0
3195,"HBONDS",0
3196,"HBONDS",0
3197,"HBONDS",0
3198,"HBONDS",0
3199,"HBONDS",0
3200,"HBONDS",0
3201,"HBONDS",0
3202,"HBONDS",0
3203,"HBONDS",0
3204,"HBONDS",0
3205,"HBONDS",0
3206,"HBONDS",0
3207,"HBONDS",0
3208,"HBONDS",0
3209,"HBONDS",0
3210,"HBONDS",0
3211,"HBONDS",0
3212,"HBONDS",0
3213,"HBONDS",0
3214,"HBONDS",0
3215,"HBONDS",0
3216,"HBONDS",0
3217,"HBONDS",0
3218,"HBONDS",0
3219,"HBONDS",0
3220,"HBONDS",0
3221,"HBONDS",0
3222,"HBONDS",0
3223,"HBONDS",1
3224,"HBONDS",0
3225,"HBONDS",1
3226,"HBONDS",0
3227,"HBONDS",1
3228,"HBONDS",1
3229,"HBONDS",1
3230,"HBONDS",1
3231,"HBONDS",1
3232,"HBONDS",1
3233,"HBONDS",1
3234,"HBONDS",1
3235,"HBONDS",1
3236,"HBONDS",1
3237,"HBONDS",0
3238,"HBONDS",0
3239,"HBONDS",0
3240,"HBONDS",1
3241,"HBONDS",0
3242,"HBONDS",0
3243,"HBONDS",0
3244,"HBONDS",1
3245,"HBONDS",1
3246,"HBONDS",1
3247,"HBONDS",0
3248,"HBONDS",0
3249,"HBONDS",0
3250,"HBONDS",0
3251,"HBONDS",0
3252,"HBONDS",1
3253,"HBONDS",0
3254,"HBONDS",1
3255,"HBONDS",0
3256,"HBONDS",1
3257,"HBONDS",0
3258,"HBONDS",1
3259,"HBONDS",0
3260,"HBONDS",1
3261,"HBONDS",0
3262,"HBONDS",0
3263,"HBONDS",1
3264,"HBONDS",1
3265,"HBONDS",0
3266,"HBONDS",1
3267,"HBONDS",1
3268,"HBONDS",1
3269,"HBONDS",1
3270,"HBONDS",0
3271,"HBONDS",1
3272,"HBONDS",1
3273,"HBONDS",0
3274,"HBONDS",1
3275,"HBONDS",1
3276,"HBONDS",1
3277,"HBONDS",1
3278,"HBONDS",1
3279,"HBONDS",0
3280,"HBONDS",0
3281,"HBONDS",0
3282,"HBONDS",1
3283,"HBONDS",1
3284,"HBONDS",0
3285,"HBONDS",1
3286,"HBONDS",1
3287,"HBONDS",0
3288,"HBONDS",1
3289,"HBONDS",1
3290,"HBONDS",1
3291,"HBONDS",0
3292,"HBONDS",1
3293,"HBONDS",0
3294,"HBONDS",1
3295,"HBONDS",1
3296,"HBONDS",0
3297,"HBONDS",0
3298,"HBONDS",0
3299,"HBONDS",0
3300,"HBONDS",0
3301,"HBONDS",1
3302,"HBONDS",1
3303,"HBONDS",1
3304,"HBONDS",0
3305,"HBONDS",1
3306,"HBONDS",0
3307,"HBONDS",1
3308,"HBONDS",1
3309,"HBONDS",1
3310,"HBONDS",1
3311,"HBONDS",1
3312,"HBONDS",1
3313,"HBONDS",0
3314,"HBONDS",0
3315,"HBONDS",1
3316,"HBONDS",1
3317,"HBONDS",0
3318,"HBONDS",1
3319,"HBONDS",0
3320,"HBONDS",1
3321,"HBONDS",1
3322,"HBONDS",1
3323,"HBONDS",1
3324,"HBONDS",1
3325,"HBONDS",1
3326,"HBONDS",1
3327,"HBONDS",1
3328,"HBONDS",1
3329,"HBONDS",1
3330,"HBONDS",1
3331,"HBONDS",1
3332,"HBONDS",1
3333,"HBONDS",1
3334,"HBONDS",1
3335,"HBONDS",0
3336,"HBONDS",1
3337,"HBONDS",0
3338,"HBONDS",1
3339,"HBONDS",0
3340,"HBONDS",0
3341,"HBONDS",0
3342,"HBONDS",1
3343,"HBONDS",1
3344,"HBONDS",0
3345,"HBONDS",0
3346,"HBONDS",1
3347,"HBONDS",0
3348,"HBONDS",1
3349,"HBONDS",0
3350,"HBONDS",0
3351,"HBONDS",0
3352,"HBONDS",1
3353,"HBONDS",0
3354,"HBONDS",0
3355,"HBONDS",1
3356,"HBONDS",1
3357,"HBONDS",0
3358,"HBONDS",1
3359,"HBONDS",0
3360,"HBONDS",0
3361,"HBONDS",0
3362,"HBONDS",0
3363,"HBONDS",0
3364,"HBONDS",0
3365,"HBONDS",0
3366,"HBONDS",0
3367,"HBONDS",0
3368,"HBONDS",0
3369,"HBONDS",0
3370,"HBONDS",0
3371,"HBONDS",0
3372,"HBONDS",0
3373,"HBONDS",0
3374,"HBONDS",0
3375,"HBONDS",0
3376,"HBONDS",0
3377,"HBONDS",0
3378,"HBONDS",0
3379,"HBONDS",0
3380,"HBONDS",0
3381,"HBONDS",0
3382,"HBONDS",0
3383,"HBONDS",0
3384,"HBONDS",0
3385,"HBONDS",0
3386,"HBONDS",0
3387,"HBONDS",0
3388,"HBONDS",0
3389,"HBONDS",0
3390,"HBONDS",0
3391,"HBONDS",0
3392,"HBONDS",0
3393,"HBONDS",0
3394,"HBONDS",0
3395,"HBONDS",0
3396,"HBONDS",0
3397,"HBONDS",0
3398,"HBONDS",0
3399,"HBONDS",0
3400,"HBONDS",0
3401,"HBONDS",0
3402,"HBONDS",0
3403,"HBONDS",0
3404,"HBONDS",0
3405,"HBONDS",0
3406,"HBONDS",0
3407,"HBONDS",0
3408,"HBONDS",0
3409,"HBONDS",0
3410,"HBONDS",0
3411,"HBONDS",0
3412,"HBONDS",0
3413,"HBONDS",0
3414,"HBONDS",0
3415,"HBONDS",0
3416,"HBONDS",0
3417,"HBONDS",0
3418,"HBONDS",0
3419,"HBONDS",0
3420,"HBONDS",0
3421,"HBONDS",0
3422,"HBONDS",0
3423,"HBONDS",0
3424,"HBONDS",0
3425,"HBONDS",0
3426,"HBONDS",0
3427,"HBONDS",0
3428,"HBONDS",0
3429,"HBONDS",0
3430,"HBONDS",0
3431,"HBONDS",0
3432,"HBONDS",0
3433,"HBONDS",0
3434,"HBONDS",0
3435,"HBONDS",0
3436,"HBONDS",0
3437,"HBONDS",0
3438,"HBONDS",0
3439,"HBONDS",0
3440,"HBONDS",0
3441,"HBONDS",0
3442,"HBONDS",0
3443,"HBONDS",0
3444,"HBONDS",0
3445,"HBONDS",0
3446,"HBONDS",0
3447,"HBONDS",0
3448,"HBONDS",0
3449,"HBONDS",0
3450,"HBONDS",0
3451,"HBONDS",0
3452,"HBONDS",0
3453,"HBONDS",1
3454,"HBONDS",0
3455,"HBONDS",0
3456,"HBONDS",0
3457,"HBONDS",0
3458,"HBONDS",0
3459,"HBONDS",0
3460,"HBONDS",0
3461,"HBONDS",0
3462,"HBONDS",0
3463,"HBONDS",0
3464,"HBONDS",0
3465,"HBONDS",0
3466,"HBONDS",0
3467,"HBONDS",0
3468,"HBONDS",0
3469,"HBONDS",0
3470,"HBONDS",0
3471,"HBONDS",0
3472,"HBONDS",0
3473,"HBONDS",0
3474,"HBONDS",0
3475,"HBONDS",0
3476,"HBONDS",0
3477,"HBONDS",0
3478,"HBONDS",0
3479,"HBONDS",0
3480,"HBONDS",0
3481,"HBONDS",0
3482,"HBONDS",0
3483,"HBONDS",0
3484,"HBONDS",0
3485,"HBONDS",0
3486,"HBONDS",0
3487,"HBONDS",0
3488,"HBONDS",0
3489,"HBONDS",0
3490,"HBONDS",0
3491,"HBONDS",0
3492,"HBONDS",0
3493,"HBONDS",0
3494,"HBONDS",0
3495,"HBONDS",0
3496,"HBONDS",0
3497,"HBONDS",0
3498,"HBONDS",0
3499,"HBONDS",0
3500,"HBONDS",0
3501,"HBONDS",0
3502,"HBONDS",0
3503,"HBONDS",0
3504,"HBONDS",0
3505,"HBONDS",0
3506,"HBONDS",0
3507,"HBONDS",0
3508,"HBONDS",0
3509,"HBONDS",0
3510,"HBONDS",0
3511,"HBONDS",0
3512,"HBONDS",0
3513,"HBONDS",0
3514,"HBONDS",0
3515,"HBONDS",0
3516,"HBONDS",0
3517,"HBONDS",0
3518,"HBONDS",0
3519,"HBONDS",0
3520,"HBONDS",0
3521,"HBONDS",0
3522,"HBONDS",0
3523,"HBONDS",0
3524,"HBONDS",0
3525,"HBONDS",0
3526,"HBONDS",0
3527,"HBONDS",0
3528,"HBONDS",0
3529,"HBONDS",0
3530,"HBONDS",0
3531,"HBONDS",0
3532,"HBONDS",0
3533,"HBONDS",0
3534,"HBONDS",0
3535,"HBONDS",0
3536,"HBONDS",0
3537,"HBONDS",0
3538,"HBONDS",0
3539,"HBONDS",0
3540,"HBONDS",0
3541,"HBONDS",0
3542,"HBONDS",0
3543,"HBONDS",0
3544,"HBONDS",0
3545,"HBONDS",0
3546,"HBONDS",0
3547,"HBONDS",0
3548,"HBONDS",0
3549,"HBONDS",0
3550,"HBONDS",0
3551,"HBONDS",0
3552,"HBONDS",0
3553,"HBONDS",0
3554,"HBONDS",0
3555,"HBONDS",0
3556,"HBONDS",0
3557,"HBONDS",0
3558,"HBONDS",0
3559,"HBONDS",0
3560,"HBONDS",0
3561,"HBONDS",0
3562,"HBONDS",0
3563,"HBONDS",0
3564,"HBONDS",0
3565,"HBONDS",0
3566,"HBONDS",0
3567,"HBONDS",0
3568,"HBONDS",0
3569,"HBONDS",0
3570,"HBONDS",0
3571,"HBONDS",0
3572,"HBONDS",0
3573,"HBONDS",0
3574,"HBONDS",0
3575,"HBONDS",0
3576,"HBONDS",0
3577,"HBONDS",0
3578,"HBONDS",0
3579,"HBONDS",0
3580,"HBONDS",0
3581,"HBONDS",0
3582,"HBONDS",0
3583,"HBONDS",0
3584,"HBONDS",0
3585,"HBONDS",0
3586,"HBONDS",0
3587,"HBONDS",0
3588,"HBONDS",0
3589,"HBONDS",0
3590,"HBONDS",0
3591,"HBONDS",0
3592,"HBONDS",0
3593,"HBONDS",0
3594,"HBONDS",0
3595,"HBONDS",0
3596,"HBONDS",0
3597,"HBONDS",0
3598,"HBONDS",0
3599,"HBONDS",0
3600,"HBONDS",0
3601,"HBONDS",0
3602,"HBONDS",0
3603,"HBONDS",0
3604,"HBONDS",0
3605,"HBONDS",0
3606,"HBONDS",0
3607,"HBONDS",0
3608,"HBONDS",0
3609,"HBONDS",0
3610,"HBONDS",0
3611,"HBONDS",0
3612,"HBONDS",0
3613,"HBONDS",0
3614,"HBONDS",0
3615,"HBONDS",0
3616,"HBONDS",0
3617,"HBONDS",0
3618,"HBONDS",0
3619,"HBONDS",0
3620,"HBONDS",0
3621,"HBONDS",0
3622,"HBONDS",0
3623,"HBONDS",0
3624,"HBONDS",0
3625,"HBONDS",0
3626,"HBONDS",0
3627,"HBONDS",0
3628,"HBONDS",0
3629,"HBONDS",0
3630,"HBONDS",0
3631,"HBONDS",0
3632,"HBONDS",0
3633,"HBONDS",0
3634,"HBONDS",0
3635,"HBONDS",0
3636,"HBONDS",0
3637,"HBONDS",0
3638,"HBONDS",0
3639,"HBONDS",0
3640,"HBONDS",0
3641,"HBONDS",0
3642,"HBONDS",0
3643,"HBONDS",0
3644,"HBONDS",0
3645,"HBONDS",0
3646,"HBONDS",0
3647,"HBONDS",0
3648,"HBONDS",0
3649,"HBONDS",0
3650,"HBONDS",0
3651,"HBONDS",0
3652,"HBONDS",0
3653,"HBONDS",0
3654,"HBONDS",0
3655,"HBONDS",0
3656,"HBONDS",0
3657,"HBONDS",0
3658,"HBONDS",0
3659,"HBONDS",0
3660,"HBONDS",0
3661,"HBONDS",0
3662,"HBONDS",0
3663,"HBONDS",0
3664,"HBONDS",0
3665,"HBONDS",0
3666,"HBONDS",0
3667,"HBONDS",0
3668,"HBONDS",0
3669,"HBONDS",0
3670,"HBONDS",0
3671,"HBONDS",0
3672,"HBONDS",0
3673,"HBONDS",0
3674,"HBONDS",0
3675,"HBONDS",0
3676,"HBONDS",0
3677,"HBONDS",0
3678,"HBONDS",0
3679,"HBONDS",0
3680,"HBONDS",0
3681,"HBONDS",0
3682,"HBONDS",0
3683,"HBONDS",0
3684,"HBONDS",0
3685,"HBONDS",0
3686,"HBONDS",0
3687,"HBONDS",0
3688,"HBONDS",0
3689,"HBONDS",0
3690,"HBONDS",0
3691,"HBONDS",0
3692,"HBONDS",0
3693,"HBONDS",0
3694,"HBONDS",0
3695,"HBONDS",0
3696,"HBONDS",0
3697,"HBONDS",0
3698,"HBONDS",0
3699,"HBONDS",0
3700,"HBONDS",0
3701,"HBONDS",0
3702,"HBONDS",0
3703,"HBONDS",0
3704,"HBONDS",0
3705,"HBONDS",0
3706,"HBONDS",0
3707,"HBONDS",0
3708,"HBONDS",0
3709,"HBONDS",0
3710,"HBONDS",0
3711,"HBONDS",0
3712,"HBONDS",0
3713,"HBONDS",0
3714,"HBONDS",0
3715,"HBONDS",0
3716,"HBONDS",0
3717,"HBONDS",0
3718,"HBONDS",0
3719,"HBONDS",0
3720,"HBONDS",0
3721,"HBONDS",0
3722,"HBONDS",0
3723,"HBONDS",0
3724,"HBONDS",0
3725,"HBONDS",0
3726,"HBONDS",0
3727,"HBONDS",0
3728,"HBONDS",0
3729,"HBONDS",0
3730,"HBONDS",0
3731,"HBONDS",0
3732,"HBONDS",0
3733,"HBONDS",0
3734,"HBONDS",0
3735,"HBONDS",0
3736,"HBONDS",0
3737,"HBONDS",0
3738,"HBONDS",0
3739,"HBONDS",0
3740,"HBONDS",0
3741,"HBONDS",0
3742,"HBONDS",0
3743,"HBONDS",0
3744,"HBONDS",0
3745,"HBONDS",0
3746,"HBONDS",0
3747,"HBONDS",0
3748,"HBONDS",0
3749,"HBONDS",0
3750,"HBONDS",0
3751,"HBONDS",0
3752,"HBONDS",0
3753,"HBONDS",0
3754,"HBONDS",0
3755,"HBONDS",0
3756,"HBONDS",0
3757,"HBONDS",0
3758,"HBONDS",0
3759,"HBONDS",0
3760,"HBONDS",0
3761,"HBONDS",0
3762,"HBONDS",0
3763,"HBONDS",0
3764,"HBONDS",0
3765,"HBONDS",0
3766,"HBONDS",0
3767,"HBONDS",0
3768,"HBONDS",0
3769,"HBONDS",0
3770,"HBONDS",0
3771,"HBONDS",0
3772,"HBONDS",0
3773,"HBONDS",0
3774,"HBONDS",0
3775,"HBONDS",0
3776,"HBONDS",0
3777,"HBONDS",0
3778,"HBONDS",0
3779,"HBONDS",0
3780,"HBONDS",0
3781,"HBONDS",0
3782,"HBONDS",0
3783,"HBONDS",0
3784,"HBONDS",0
3785,"HBONDS",0
3786,"HBONDS",0
3787,"HBONDS",0
3788,"HBONDS",0
3789,"HBONDS",0
3790,"HBONDS",0
3791,"HBONDS",0
3792,"HBONDS",0
3793,"HBONDS",0
3794,"HBONDS",0
3795,"HBONDS",0
3796,"HBONDS",0
3797,"HBONDS",0
3798,"HBONDS",0
3799,"HBONDS",0
3800,"HBONDS",0
3801,"HBONDS",0
3802,"HBONDS",0
3803,"HBONDS",0
3804,"HBONDS",0
3805,"HBONDS",0
3806,"HBONDS",0
3807,"HBONDS",0
3808,"HBONDS",0
3809,"HBONDS",0
3810,"HBONDS",0
3811,"HBONDS",0
3812,"HBONDS",0
3813,"HBONDS",0
3814,"HBONDS",0
3815,"HBONDS",0
3816,"HBONDS",0
3817,"HBONDS",0
3818,"HBONDS",0
3819,"HBONDS",0
3820,"HBONDS",0
3821,"HBONDS",0
3822,"HBONDS",0
3823,"HBONDS",0
3824,"HBONDS",0
3825,"HBONDS",0
3826,"HBONDS",0
3827,"HBONDS",0
3828,"HBONDS",0
3829,"HBONDS",0
3830,"HBONDS",0
3831,"HBONDS",0
3832,"HBONDS",0
3833,"HBONDS",0
3834,"HBONDS",0
3835,"HBONDS",0
3836,"HBONDS",0
3837,"HBONDS",0
3838,"HBONDS",0
3839,"HBONDS",0
3840,"HBONDS",0
3841,"HBONDS",0
3842,"HBONDS",0
3843,"HBONDS",0
3844,"HBONDS",0
3845,"HBONDS",0
3846,"HBONDS",0
3847,"HBONDS",0
3848,"HBONDS",0
3849,"HBONDS",0
3850,"HBONDS",0
3851,"HBONDS",0
3852,"HBONDS",0
3853,"HBONDS",0
3854,"HBONDS",0
3855,"HBONDS",0
3856,"HBONDS",0
3857,"HBONDS",0
3858,"HBONDS",0
3859,"HBONDS",0
3860,"HBONDS",0
3861,"HBONDS",0
3862,"HBONDS",0
3863,"HBONDS",0
3864,"HBONDS",0
3865,"HBONDS",0
3866,"HBONDS",0
3867,"HBONDS",0
3868,"HBONDS",0
3869,"HBONDS",0
3870,"HBONDS",0
3871,"HBONDS",0
3872,"HBONDS",0
3873,"HBONDS",0
3874,"HBONDS",0
3875,"HBONDS",0
3876,"HBONDS",0
3877,"HBONDS",0
3878,"HBONDS",0
3879,"HBONDS",0
3880,"HBONDS",0
3881,"HBONDS",0
3882,"HBONDS",0
3883,"HBONDS",0
3884,"HBONDS",0
3885,"HBONDS",0
3886,"HBONDS",0
3887,"HBONDS",0
3888,"HBONDS",0
3889,"HBONDS",0
3890,"HBONDS",0
3891,"HBONDS",0
3892,"HBONDS",0
3893,"HBONDS",0
3894,"HBONDS",0
3895,"HBONDS",0
3896,"HBONDS",0
3897,"HBONDS",0
3898,"HBONDS",0
3899,"HBONDS",0
3900,"HBONDS",0
3901,"HBONDS",0
3902,"HBONDS",0
3903,"HBONDS",0
3904,"HBONDS",0
3905,"HBONDS",0
3906,"HBONDS",0
3907,"HBONDS",0
3908,"HBONDS",0
3909,"HBONDS",0
3910,"HBONDS",0
3911,"HBONDS",0
3912,"HBONDS",0
3913,"HBONDS",0
3914,"HBONDS",0
3915,"HBONDS",0
3916,"HBONDS",0
3917,"HBONDS",0
3918,"HBONDS",0
3919,"HBONDS",0
3920,"HBONDS",0
3921,"HBONDS",0
3922,"HBONDS",0
3923,"HBONDS",0
3924,"HBONDS",0
3925,"HBONDS",0
3926,"HBONDS",0
3927,"HBONDS",0
3928,"HBONDS",0
3929,"HBONDS",0
3930,"HBONDS",0
3931,"HBONDS",0
3932,"HBONDS",0
3933,"HBONDS",0
3934,"HBONDS",0
3935,"HBONDS",0
3936,"HBONDS",0
3937,"HBONDS",0
3938,"HBONDS",0
3939,"HBONDS",0
3940,"HBONDS",0
3941,"HBONDS",0
3942,"HBONDS",0
3943,"HBONDS",0
3944,"HBONDS",0
3945,"HBONDS",0
3946,"HBONDS",0
3947,"HBONDS",0
3948,"HBONDS",0
3949,"HBONDS",0
3950,"HBONDS",0
3951,"HBONDS",0
3952,"HBONDS",0
3953,"HBONDS",0
3954,"HBONDS",0
3955,"HBONDS",0
3956,"HBONDS",0
3957,"HBONDS",0
3958,"HBONDS",0
3959,"HBONDS",0
3960,"HBONDS",0
3961,"HBONDS",0
3962,"HBONDS",0
3963,"HBONDS",0
3964,"HBONDS",0
3965,"HBONDS",0
3966,"HBONDS",0
3967,"HBONDS",0
3968,"HBONDS",0
3969,"HBONDS",0
3970,"HBONDS",0
3971,"HBONDS",0
3972,"HBONDS",0
3973,"HBONDS",0
3974,"HBONDS",0
3975,"HBONDS",0
3976,"HBONDS",0
3977,"HBONDS",0
3978,"HBONDS",0
3979,"HBONDS",0
3980,"HBONDS",0
3981,"HBONDS",0
3982,"HBONDS",0
3983,"HBONDS",0
3984,"HBONDS",0
3985,"HBONDS",0
3986,"HBONDS",0
3987,"HBONDS",0
3988,"HBONDS",0
3989,"HBONDS",0
3990,"HBONDS",0
3991,"HBONDS",0
3992,"HBONDS",0
3993,"HBONDS",0
3994,"HBONDS",0
3995,"HBONDS",0
3996,"HBONDS",0
3997,"HBONDS",0
3998,"HBONDS",0
3999,"HBONDS",0
4000,"HBONDS",0
4001,"HBONDS",0
4002,"HBONDS",0
4003,"HBONDS",0
4004,"HBONDS",0
4005,"HBONDS",0
4006,"HBONDS",0
4007,"HBONDS",0
4008,"HBONDS",0
4009,"HBONDS",0
4010,"HBONDS",0
4011,"HBONDS",0
4012,"HBONDS",0
4013,"HBONDS",0
4014,"HBONDS",0
4015,"HBONDS",0
4016,"HBONDS",0
4017,"HBONDS",0
4018,"HBONDS",0
4019,"HBONDS",0
4020,"HBONDS",0
4021,"HBONDS",0
4022,"HBONDS",0
4023,"HBONDS",0
4024,"HBONDS",0
4025,"HBONDS",0
4026,"HBONDS",0
4027,"HBONDS",0
4028,"HBONDS",0
4029,"HBONDS",0
4030,"HBONDS",0
4031,"HBONDS",0
4032,"HBONDS",0
4033,"HBONDS",0
4034,"HBONDS",0
4035,"HBONDS",0
4036,"HBONDS",0
4037,"HBONDS",0
4038,"HBONDS",0
4039,"HBONDS",0
4040,"HBONDS",0
4041,"HBONDS",0
4042,"HBONDS",0
4043,"HBONDS",0
4044,"HBONDS",0
4045,"HBONDS",0
4046,"HBONDS",0
4047,"HBONDS",0
4048,"HBONDS",0
4049,"HBONDS",0
4050,"HBONDS",0
4051,"HBONDS",0
4052,"HBONDS",0
4053,"HBONDS",0
4054,"HBONDS",0
4055,"HBONDS",0
4056,"HBONDS",0
4057,"HBONDS",0
4058,"HBONDS",0
4059,"HBONDS",0
4060,"HBONDS",0
4061,"HBONDS",0
4062,"HBONDS",0
4063,"HBONDS",0
4064,"HBONDS",0
4065,"HBONDS",0
4066,"HBONDS",0
4067,"HBONDS",0
4068,"HBONDS",0
4069,"HBONDS",0
4070,"HBONDS",0
4071,"HBONDS",0
4072,"HBONDS",0
4073,"HBONDS",0
4074,"HBONDS",0
4075,"HBONDS",0
4076,"HBONDS",0
4077,"HBONDS",0
4078,"HBONDS",0
4079,"HBONDS",0
4080,"HBONDS",0
4081,"HBONDS",0
4082,"HBONDS",0
4083,"HBONDS",0
4084,"HBONDS",0
4085,"HBONDS",0
4086,"HBONDS",0
4087,"HBONDS",0
4088,"HBONDS",0
4089,"HBONDS",0
4090,"HBONDS",0
4091,"HBONDS",0
4092,"HBONDS",0
4093,"HBONDS",0
4094,"HBONDS",0
4095,"HBONDS",0
4096,"HBONDS",0
4097,"HBONDS",0
4098,"HBONDS",0
4099,"HBONDS",0
4100,"HBONDS",0
4101,"HBONDS",0
4102,"HBONDS",0
4103,"HBONDS",0
4104,"HBONDS",0
4105,"HBONDS",0
4106,"HBONDS",0
4107,"HBONDS",0
4108,"HBONDS",0
4109,"HBONDS",0
4110,"HBONDS",0
4111,"HBONDS",0
4112,"HBONDS",0
4113,"HBONDS",0
4114,"HBONDS",0
4115,"HBONDS",0
4116,"HBONDS",0
4117,"HBONDS",0
4118,"HBONDS",0
4119,"HBONDS",0
4120,"HBONDS",0
4121,"HBONDS",0
4122,"HBONDS",0
4123,"HBONDS",0
4124,"HBONDS",0
4125,"HBONDS",0
4126,"HBONDS",0
4127,"HBONDS",0
4128,"HBONDS",0
4129,"HBONDS",0
4130,"HBONDS",0
4131,"HBONDS",0
4132,"HBONDS",0
4133,"HBONDS",0
4134,"HBONDS",0
4135,"HBONDS",0
4136,"HBONDS",0
4137,"HBONDS",0
4138,"HBONDS",0
4139,"HBONDS",0
4140,"HBONDS",0
4141,"HBONDS",0
4142,"HBONDS",0
4143,"HBONDS",0
4144,"HBONDS",0
4145,"HBONDS",0
4146,"HBONDS",0
4147,"HBONDS",0
4148,"HBONDS",0
4149,"HBONDS",0
4150,"HBONDS",0
4151,"HBONDS",0
4152,"HBONDS",0
4153,"HBONDS",0
4154,"HBONDS",0
4155,"HBONDS",0
4156,"HBONDS",0
4157,"HBONDS",0
4158,"HBONDS",0
4159,"HBONDS",0
4160,"HBONDS",0
4161,"HBONDS",0
4162,"HBONDS",0
4163,"HBONDS",0
4164,"HBONDS",0
4165,"HBONDS",0
4166,"HBONDS",0
4167,"HBONDS",0
4168,"HBONDS",0
4169,"HBONDS",0
4170,"HBONDS",0
4171,"HBONDS",0
4172,"HBONDS",0
4173,"HBONDS",0
4174,"HBONDS",0
4175,"HBONDS",0
4176,"HBONDS",0
4177,"HBONDS",0
4178,"HBONDS",0
4179,"HBONDS",0
4180,"HBONDS",0
4181,"HBONDS",0
4182,"HBONDS",0
4183,"HBONDS",0
4184,"HBONDS",0
4185,"HBONDS",0
4186,"HBONDS",0
4187,"HBONDS",0
4188,"HBONDS",0
4189,"HBONDS",0
4190,"HBONDS",0
4191,"HBONDS",0
4192,"HBONDS",0
4193,"HBONDS",0
4194,"HBONDS",0
4195,"HBONDS",0
4196,"HBONDS",0
4197,"HBONDS",0
4198,"HBONDS",0
4199,"HBONDS",0
4200,"HBONDS",0
4201,"HBONDS",0
4202,"HBONDS",0
4203,"HBONDS",0
4204,"HBONDS",0
4205,"HBONDS",0
4206,"HBONDS",0
4207,"HBONDS",0
4208,"HBONDS",0
4209,"HBONDS",0
4210,"HBONDS",0
4211,"HBONDS",0
4212,"HBONDS",0
4213,"HBONDS",0
4214,"HBONDS",0
4215,"HBONDS",0
4216,"HBONDS",0
4217,"HBONDS",0
4218,"HBONDS",0
4219,"HBONDS",0
4220,"HBONDS",0
4221,"HBONDS",0
4222,"HBONDS",0
4223,"HBONDS",0
4224,"HBONDS",0
4225,"HBONDS",0
4226,"HBONDS",0
4227,"HBONDS",0
4228,"HBONDS",0
4229,"HBONDS",0
4230,"HBONDS",0
4231,"HBONDS",0
4232,"HBONDS",0
4233,"HBONDS",0
4234,"HBONDS",0
4235,"HBONDS",0
4236,"HBONDS",0
4237,"HBONDS",0
4238,"HBONDS",0
4239,"HBONDS",0
4240,"HBONDS",0
4241,"HBONDS",0
4242,"HBONDS",0
4243,"HBONDS",0
4244,"HBONDS",0
4245,"HBONDS",0
4246,"HBONDS",0
4247,"HBONDS",0
4248,"HBONDS",0
4249,"HBONDS",0
4250,"HBONDS",0
4251,"HBONDS",0
4252,"HBONDS",0
4253,"HBONDS",0
4254,"HBONDS",0
4255,"HBONDS",0
4256,"HBONDS",0
4257,"HBONDS",0
4258,"HBONDS",0
4259,"HBONDS",0
4260,"HBONDS",0
4261,"HBONDS",0
4262,"HBONDS",0
4263,"HBONDS",0
4264,"HBONDS",0
4265,"HBONDS",0
4266,"HBONDS",0
4267,"HBONDS",0
4268,"HBONDS",0
4269,"HBONDS",0
4270,"HBONDS",0
4271,"HBONDS",0
4272,"HBONDS",0
4273,"HBONDS",0
4274,"HBONDS",0
4275,"HBONDS",0
4276,"HBONDS",0
4277,"HBONDS",0
4278,"HBONDS",0
4279,"HBONDS",0
4280,"HBONDS",0
4281,"HBONDS",0
4282,"HBONDS",0
4283,"HBONDS",0
4284,"HBONDS",0
4285,"HBONDS",0
4286,"HBONDS",0
4287,"HBONDS",0
4288,"HBONDS",0
4289,"HBONDS",0
4290,"HBONDS",0
4291,"HBONDS",0
4292,"HBONDS",0
4293,"HBONDS",0
4294,"HBONDS",0
4295,"HBONDS",0
4296,"HBONDS",0
4297,"HBONDS",0
4298,"HBONDS",0
4299,"HBONDS",0
4300,"HBONDS",0
4301,"HBONDS",0
4302,"HBONDS",0
4303,"HBONDS",0
4304,"HBONDS",0
4305,"HBONDS",0
4306,"HBONDS",0
4307,"HBONDS",0
4308,"HBONDS",0
4309,"HBONDS",0
4310,"HBONDS",0
4311,"HBONDS",0
4312,"HBONDS",0
4313,"HBONDS",0
4314,"HBONDS",0
4315,"HBONDS",0
4316,"HBONDS",0
4317,"HBONDS",0
4318,"HBONDS",0
4319,"HBONDS",0
4320,"HBONDS",0
4321,"HBONDS",0
4322,"HBONDS",0
4323,"HBONDS",0
4324,"HBONDS",0
4325,"HBONDS",0
4326,"HBONDS",0
4327,"HBONDS",0
4328,"HBONDS",0
4329,"HBONDS",0
4330,"HBONDS",0
4331,"HBONDS",0
4332,"HBONDS",0
4333,"HBONDS",0
4334,"HBONDS",0
4335,"HBONDS",0
4336,"HBONDS",0
4337,"HBONDS",0
4338,"HBONDS",0
4339,"HBONDS",0
4340,"HBONDS",0
4341,"HBONDS",0
4342,"HBONDS",0
4343,"HBONDS",0
4344,"HBONDS",0
4345,"HBONDS",0
4346,"HBONDS",0
4347,"HBONDS",0
4348,"HBONDS",0
4349,"HBONDS",0
4350,"HBONDS",0
4351,"HBONDS",0
4352,"HBONDS",0
4353,"HBONDS",0
4354,"HBONDS",0
4355,"HBONDS",0
4356,"HBONDS",0
4357,"HBONDS",0
4358,"HBONDS",0
4359,"HBONDS",0
4360,"HBONDS",0
4361,"HBONDS",0
4362,"HBONDS",0
4363,"HBONDS",0
4364,"HBONDS",0
4365,"HBONDS",0
4366,"HBONDS",0
4367,"HBONDS",0
4368,"HBONDS",0
4369,"HBONDS",0
4370,"HBONDS",0
4371,"HBONDS",0
4372,"HBONDS",0
4373,"HBONDS",0
4374,"HBONDS",0
4375,"HBONDS",0
4376,"HBONDS",0
4377,"HBONDS",0
4378,"HBONDS",0
4379,"HBONDS",0
4380,"HBONDS",0
4381,"HBONDS",0
4382,"HBONDS",0
4383,"HBONDS",0
4384,"HBONDS",0
4385,"HBONDS",0
4386,"HBONDS",0
4387,"HBONDS",0
4388,"HBONDS",0
4389,"HBONDS",0
4390,"HBONDS",0
4391,"HBONDS",0
4392,"HBONDS",0
4393,"HBONDS",0
4394,"HBONDS",0
4395,"HBONDS",0
4396,"HBONDS",0
4397,"HBONDS",0
4398,"HBONDS",0
4399,"HBONDS",0
4400,"HBONDS",0
4401,"HBONDS",0
4402,"HBONDS",0
4403,"HBONDS",0
4404,"HBONDS",0
4405,"HBONDS",0
4406,"HBONDS",0
4407,"HBONDS",0
4408,"HBONDS",0
4409,"HBONDS",0
4410,"HBONDS",0
4411,"HBONDS",0
4412,"HBONDS",0
4413,"HBONDS",0
4414,"HBONDS",0
4415,"HBONDS",0
4416,"HBONDS",0
4417,"HBONDS",0
4418,"HBONDS",0
4419,"HBONDS",0
4420,"HBONDS",0
4421,"HBONDS",0
4422,"HBONDS",0
4423,"HBONDS",0
4424,"HBONDS",0
4425,"HBONDS",0
4426,"HBONDS",0
4427,"HBONDS",0
4428,"HBONDS",0
4429,"HBONDS",0
4430,"HBONDS",0
4431,"HBONDS",0
4432,"HBONDS",0
4433,"HBONDS",0
4434,"HBONDS",0
4435,"HBONDS",0
4436,"HBONDS",0
4437,"HBONDS",0
4438,"HBONDS",0
4439,"HBONDS",0
4440,"HBONDS",0
4441,"HBONDS",0
4442,"HBONDS",0
4443,"HBONDS",0
4444,"HBONDS",0
4445,"HBONDS",0
4446,"HBONDS",0
4447,"HBONDS",0
4448,"HBONDS",0
4449,"HBONDS",0
4450,"HBONDS",0
4451,"HBONDS",0
4452,"HBONDS",0
4453,"HBONDS",0
4454,"HBONDS",0
4455,"HBONDS",0
4456,"HBONDS",0
4457,"HBONDS",0
4458,"HBONDS",0
4459,"HBONDS",0
4460,"HBONDS",0
4461,"HBONDS",0
4462,"HBONDS",0
4463,"HBONDS",0
4464,"HBONDS",0
4465,"HBONDS",0
4466,"HBONDS",0
4467,"HBONDS",0
4468,"HBONDS",0
4469,"HBONDS",0
4470,"HBONDS",0
4471,"HBONDS",0
4472,"HBONDS",0
4473,"HBONDS",0
4474,"HBONDS",0
4475,"HBONDS",0
4476,"HBONDS",0
4477,"HBONDS",0
4478,"HBONDS",0
4479,"HBONDS",0
4480,"HBONDS",0
4481,"HBONDS",0
4482,"HBONDS",0
4483,"HBONDS",0
4484,"HBONDS",0
4485,"HBONDS",0
4486,"HBONDS",0
4487,"HBONDS",0
4488,"HBONDS",0
4489,"HBONDS",0
4490,"HBONDS",0
4491,"HBONDS",0
4492,"HBONDS",0
4493,"HBONDS",0
4494,"HBONDS",0
4495,"HBONDS",0
4496,"HBONDS",0
4497,"HBONDS",0
4498,"HBONDS",0
4499,"HBONDS",0
4500,"HBONDS",0
4501,"HBONDS",0
4502,"HBONDS",0
4503,"HBONDS",0
4504,"HBONDS",0
4505,"HBONDS",0
4506,"HBONDS",0
4507,"HBONDS",0
4508,"HBONDS",0
4509,"HBONDS",0
4510,"HBONDS",0
4511,"HBONDS",0
4512,"HBONDS",0
4513,"HBONDS",0
4514,"HBONDS",0
4515,"HBONDS",0
4516,"HBONDS",0
4517,"HBONDS",0
4518,"HBONDS",0
4519,"HBONDS",0
4520,"HBONDS",0
4521,"HBONDS",0
4522,"HBONDS",0
4523,"HBONDS",0
4524,"HBONDS",0
4525,"HBONDS",0
4526,"HBONDS",0
4527,"HBONDS",0
4528,"HBONDS",0
4529,"HBONDS",0
4530,"HBONDS",0
4531,"HBONDS",0
4532,"HBONDS",0
4533,"HBONDS",0
4534,"HBONDS",0
4535,"HBONDS",0
4536,"HBONDS",0
4537,"HBONDS",0
4538,"HBONDS",0
4539,"HBONDS",0
4540,"HBONDS",0
4541,"HBONDS",0
4542,"HBONDS",0
4543,"HBONDS",0
4544,"HBONDS",0
4545,"HBONDS",0
4546,"HBONDS",0
4547,"HBONDS",0
4548,"HBONDS",0
4549,"HBONDS",0
4550,"HBONDS",0
4551,"HBONDS",0
4552,"HBONDS",0
4553,"HBONDS",0
4554,"HBONDS",0
4555,"HBONDS",0
4556,"HBONDS",0
4557,"HBONDS",0
4558,"HBONDS",0
4559,"HBONDS",0
4560,"HBONDS",0
4561,"HBONDS",0
4562,"HBONDS",0
4563,"HBONDS",0
4564,"HBONDS",0
4565,"HBONDS",0
4566,"HBONDS",0
4567,"HBONDS",0
4568,"HBONDS",0
4569,"HBONDS",0
4570,"HBONDS",0
4571,"HBONDS",0
4572,"HBONDS",0
4573,"HBONDS",0
4574,"HBONDS",0
4575,"HBONDS",0
4576,"HBONDS",0
4577,"HBONDS",0
4578,"HBONDS",0
4579,"HBONDS",0
4580,"HBONDS",0
4581,"HBONDS",0
4582,"HBONDS",0
4583,"HBONDS",0
4584,"HBONDS",0
4585,"HBONDS",0
4586,"HBONDS",0
4587,"HBONDS",0
4588,"HBONDS",0
4589,"HBONDS",0
4590,"HBONDS",0
4591,"HBONDS",0
4592,"HBONDS",0
4593,"HBONDS",0
4594,"HBONDS",0
4595,"HBONDS",0
4596,"HBONDS",0
4597,"HBONDS",0
4598,"HBONDS",0
4599,"HBONDS",0
4600,"HBONDS",0
4601,"HBONDS",0
4602,"HBONDS",0
4603,"HBONDS",0
4604,"HBONDS",0
4605,"HBONDS",0
4606,"HBONDS",0
4607,"HBONDS",0
4608,"HBONDS",0
4609,"HBONDS",0
4610,"HBONDS",0
4611,"HBONDS",0
4612,"HBONDS",0
4613,"HBONDS",0
4614,"HBONDS",0
4615,"HBONDS",0
4616,"HBONDS",0
4617,"HBONDS",0
4618,"HBONDS",0
4619,"HBONDS",0
4620,"HBONDS",0
4621,"HBONDS",0
4622,"HBONDS",0
4623,"HBONDS",0
4624,"HBONDS",0
4625,"HBONDS",0
4626,"HBONDS",0
4627,"HBONDS",0
4628,"HBONDS",0
4629,"HBONDS",0
4630,"HBONDS",0
4631,"HBONDS",0
4632,"HBONDS",0
4633,"HBONDS",0
4634,"HBONDS",0
4635,"HBONDS",0
4636,"HBONDS",0
4637,"HBONDS",0
4638,"HBONDS",0
4639,"HBONDS",0
4640,"HBONDS",0
4641,"HBONDS",0
4642,"HBONDS",0
4643,"HBONDS",0
4644,"HBONDS",0
4645,"HBONDS",0
4646,"HBONDS",0
4647,"HBONDS",0
4648,"HBONDS",0
4649,"HBONDS",0
4650,"HBONDS",0
4651,"HBONDS",0
4652,"HBONDS",0
4653,"HBONDS",0
4654,"HBONDS",0
4655,"HBONDS",0
4656,"HBONDS",0
4657,"HBONDS",0
4658,"HBONDS",0
4659,"HBONDS",0
4660,"HBONDS",0
4661,"HBONDS",0
4662,"HBONDS",0
4663,"HBONDS",0
4664,"HBONDS",0
4665,"HBONDS",0
4666,"HBONDS",0
4667,"HBONDS",0
4668,"HBONDS",0
4669,"HBONDS",0
4670,"HBONDS",0
4671,"HBONDS",0
4672,"HBONDS",0
4673,"HBONDS",0
4674,"HBONDS",0
4675,"HBONDS",0
4676,"HBONDS",0
4677,"HBONDS",0
4678,"HBONDS",0
4679,"HBONDS",0
4680,"HBONDS",0
4681,"HBONDS",0
4682,"HBONDS",0
4683,"HBONDS",0
4684,"HBONDS",0
4685,"HBONDS",0
4686,"HBONDS",0
4687,"HBONDS",0
4688,"HBONDS",0
4689,"HBONDS",0
4690,"HBONDS",0
4691,"HBONDS",0
4692,"HBONDS",0
4693,"HBONDS",0
4694,"HBONDS",0
4695,"HBONDS",0
4696,"HBONDS",0
4697,"HBONDS",0
4698,"HBONDS",0
4699,"HBONDS",0
4700,"HBONDS",0
4701,"HBONDS",0
4702,"HBONDS",0
4703,"HBONDS",0
4704,"HBONDS",0
4705,"HBONDS",0
4706,"HBONDS",0
4707,"HBONDS",0
4708,"HBONDS",0
4709,"HBONDS",0
4710,"HBONDS",0
4711,"HBONDS",0
4712,"HBONDS",0
4713,"HBONDS",0
4714,"HBONDS",0
4715,"HBONDS",0
4716,"HBONDS",0
4717,"HBONDS",0
4718,"HBONDS",0
4719,"HBONDS",0
4720,"HBONDS",0
4721,"HBONDS",0
4722,"HBONDS",0
4723,"HBONDS",0
4724,"HBONDS",0
4725,"HBONDS",0
4726,"HBONDS",0
4727,"HBONDS",0
4728,"HBONDS",0
4729,"HBONDS",0
4730,"HBONDS",0
4731,"HBONDS",0
4732,"HBONDS",0
4733,"HBONDS",0
4734,"HBONDS",0
4735,"HBONDS",0
4736,"HBONDS",0
4737,"HBONDS",0
4738,"HBONDS",0
4739,"HBONDS",0
4740,"HBONDS",0
4741,"HBONDS",0
4742,"HBONDS",0
4743,"HBONDS",0
4744,"HBONDS",0
4745,"HBONDS",0
4746,"HBONDS",0
4747,"HBONDS",0
4748,"HBONDS",0
4749,"HBONDS",0
4750,"HBONDS",0
4751,"HBONDS",0
4752,"HBONDS",0
4753,"HBONDS",0
4754,"HBONDS",0
4755,"HBONDS",0
4756,"HBONDS",0
4757,"HBONDS",0
4758,"HBONDS",0
4759,"HBONDS",0
4760,"HBONDS",0
4761,"HBONDS",0
4762,"HBONDS",0
4763,"HBONDS",0
4764,"HBONDS",0
4765,"HBONDS",0
4766,"HBONDS",0
4767,"HBONDS",0
4768,"HBONDS",0
4769,"HBONDS",0
4770,"HBONDS",0
4771,"HBONDS",0
4772,"HBONDS",0
4773,"HBONDS",0
4774,"HBONDS",0
4775,"HBONDS",0
4776,"HBONDS",0
4777,"HBONDS",0
4778,"HBONDS",0
4779,"HBONDS",0
4780,"HBONDS",0
4781,"HBONDS",0
4782,"HBONDS",0
4783,"HBONDS",0
4784,"HBONDS",0
4785,"HBONDS",0
4786,"HBONDS",0
4787,"HBONDS",0
4788,"HBONDS",0
4789,"HBONDS",0
4790,"HBONDS",0
4791,"HBONDS",0
4792,"HBONDS",0
4793,"HBONDS",0
4794,"HBONDS",0
4795,"HBONDS",0
4796,"HBONDS",0
4797,"HBONDS",0
4798,"HBONDS",0
4799,"HBONDS",0
4800,"HBONDS",0
4801,"HBONDS",0
4802,"HBONDS",0
4803,"HBONDS",0
4804,"HBONDS",0
4805,"HBONDS",0
4806,"HBONDS",0
4807,"HBONDS",0
4808,"HBONDS",0
4809,"HBONDS",0
4810,"HBONDS",0
4811,"HBONDS",0
4812,"HBONDS",0
4813,"HBONDS",0
4814,"HBONDS",0
4815,"HBONDS",0
4816,"HBONDS",0
4817,"HBONDS",0
4818,"HBONDS",0
4819,"HBONDS",0
4820,"HBONDS",0
4821,"HBONDS",0
4822,"HBONDS",0
4823,"HBONDS",0
4824,"HBONDS",0
4825,"HBONDS",0
4826,"HBONDS",0
4827,"HBONDS",0
4828,"HBONDS",0
4829,"HBONDS",0
4830,"HBONDS",0
4831,"HBONDS",0
4832,"HBONDS",0
4833,"HBONDS",0
4834,"HBONDS",0
4835,"HBONDS",0
4836,"HBONDS",0
4837,"HBONDS",0
4838,"HBONDS",0
4839,"HBONDS",0
4840,"HBONDS",0
4841,"HBONDS",0
4842,"HBONDS",0
4843,"HBONDS",0
4844,"HBONDS",0
4845,"HBONDS",0
4846,"HBONDS",0
4847,"HBONDS",0
4848,"HBONDS",0
4849,"HBONDS",0
4850,"HBONDS",0
4851,"HBONDS",0
4852,"HBONDS",0
4853,"HBONDS",0
4854,"HBONDS",0
4855,"HBONDS",0
4856,"HBONDS",0
4857,"HBONDS",0
4858,"HBONDS",0
4859,"HBONDS",0
4860,"HBONDS",0
4861,"HBONDS",0
4862,"HBONDS",0
4863,"HBONDS",0
4864,"HBONDS",0
4865,"HBONDS",0
4866,"HBONDS",0
4867,"HBONDS",0
4868,"HBONDS",0
4869,"HBONDS",0
4870,"HBONDS",0
4871,"HBONDS",0
4872,"HBONDS",0
4873,"HBONDS",0
4874,"HBONDS",0
4875,"HBONDS",0
4876,"HBONDS",0
4877,"HBONDS",0
4878,"HBONDS",0
4879,"HBONDS",0
4880,"HBONDS",0
4881,"HBONDS",0
4882,"HBONDS",0
4883,"HBONDS",0
4884,"HBONDS",0
4885,"HBONDS",0
4886,"HBONDS",0
4887,"HBONDS",0
4888,"HBONDS",0
4889,"HBONDS",0
4890,"HBONDS",0
4891,"HBONDS",0
4892,"HBONDS",0
4893,"HBONDS",0
4894,"HBONDS",0
4895,"HBONDS",0
4896,"HBONDS",0
4897,"HBONDS",0
4898,"HBONDS",0
4899,"HBONDS",0
4900,"HBONDS",0
4901,"HBONDS",0
4902,"HBONDS",0
4903,"HBONDS",0
4904,"HBONDS",0
4905,"HBONDS",0
4906,"HBONDS",0
4907,"HBONDS",0
4908,"HBONDS",0
4909,"HBONDS",0
4910,"HBONDS",0
4911,"HBONDS",0
4912,"HBONDS",0
4913,"HBONDS",0
4914,"HBONDS",0
4915,"HBONDS",0
4916,"HBONDS",0
4917,"HBONDS",0
4918,"HBONDS",0
4919,"HBONDS",0
4920,"HBONDS",0
4921,"HBONDS",0
4922,"HBONDS",0
4923,"HBONDS",0
4924,"HBONDS",0
4925,"HBONDS",0
4926,"HBONDS",0
4927,"HBONDS",0
4928,"HBONDS",0
4929,"HBONDS",0
4930,"HBONDS",0
4931,"HBONDS",0
4932,"HBONDS",0
4933,"HBONDS",0
4934,"HBONDS",0
4935,"HBONDS",0
4936,"HBONDS",0
4937,"HBONDS",0
4938,"HBONDS",0
4939,"HBONDS",0
4940,"HBONDS",0
4941,"HBONDS",0
4942,"HBONDS",0
4943,"HBONDS",0
4944,"HBONDS",0
4945,"HBONDS",0
4946,"HBONDS",0
4947,"HBONDS",0
4948,"HBONDS",0
4949,"HBONDS",0
4950,"HBONDS",0
4951,"HBONDS",0
4952,"HBONDS",0
4953,"HBONDS",0
4954,"HBONDS",0
4955,"HBONDS",0
4956,"HBONDS",0
4957,"HBONDS",0
4958,"HBONDS",0
4959,"HBONDS",0
4960,"HBONDS",0
4961,"HBONDS",0
4962,"HBONDS",0
4963,"HBONDS",0
4964,"HBONDS",0
4965,"HBONDS",0
4966,"HBONDS",0
4967,"HBONDS",0
4968,"HBONDS",0
4969,"HBONDS",0
4970,"HBONDS",0
4971,"HBONDS",0
4972,"HBONDS",0
4973,"HBONDS",0
4974,"HBONDS",0
4975,"HBONDS",0
4976,"HBONDS",0
4977,"HBONDS",0
4978,"HBONDS",0
4979,"HBONDS",0
4980,"HBONDS",0
4981,"HBONDS",0
4982,"HBONDS",0
4983,"HBONDS",0
4984,"HBONDS",0
4985,"HBONDS",0
4986,"HBONDS",0
4987,"HBONDS",0
4988,"HBONDS",0
4989,"HBONDS",0
4990,"HBONDS",0
4991,"HBONDS",0
4992,"HBONDS",0
4993,"HBONDS",0
4994,"HBONDS",0
4995,"HBONDS",0
4996,"HBONDS",0
4997,"HBONDS",0
4998,"HBONDS",0
4999,"HBONDS",0
5000,"HBONDS",0
